ID,Borough,Name,Overall_Pop,Race_White,Race_Black,Race_Asian,Race_Latino,Race_Other,Age0to17,Age18to24,Age25to44,Age45to64,Age65plus,Ltd_Eng_Prof,lower_95CL,upper_95CL,NYC_Comparison,Born_Outside_US,lower_95CL,upper_95CL,School_Absent,NYC_Comparison,On_Time_HS_Grad,NYC_Comparison,Edu_Did_Not_Complete_HS,lower_95CL,upper_95CL,NYC_Comparison,Edu_HSGrad_Some_College,lower_95CL,upper_95CL,NYC_Comparison,Edu_College_Degree_And_Higher,lower_95CL,upper_95CL,NYC_Comparison,Poverty,Unemployment,lower_95CL,upper_95CL,NYC_Comparison,Rent_Burden,lower_95CL,upper_95CL,NYC_Comparison,Gentrification,Avertable_Death,Assault_Hosp,lower_95CL,upper_95CL,NYC_Comparison,Jail_Incarceration,Helpful_Neighbor,lower_95CL,upper_95CL,NYC_Comparison,NYC_Comparison_Pvalues,Boro_Comparison,Boro_Comparison_Pvalues,Homes_No_Defects,Homes_Roach,Homes_AC,Air_Pollution,Bike_Coverage,NYC_Comparison,Pedestrian_Hosp,lower_95CL,upper_95CL,NYC_Comparison,Ratio_Bodega_Supermarket,Farmers_Markets,Late_No_Prenatal,NYC_Comparison,Preterm_Births,NYC_Comparison,Teen_Births,Teen_Births_reliability_note,NYC_Comparison,Child_Obesity,lower_95CL,upper_95CL,NYC_Comparison,Child_Asthma,lower_95CL,upper_95CL,NYC_Comparison,Avoidable_Child_Hosp,lower_95CL,upper_95CL,NYC_Comparison,Self_Rep_Health,lower_95CL,upper_95CL,NYC_Comparison,NYC_Comparison_Pvalues,Boro_Comparison,Boro_Comparison_Pvalues,Physical_Activity,lower_95CL,upper_95CL,NYC_Comparison,NYC_Comparison_Pvalues,Boro_Comparison,Boro_Comparison_Pvalues,Sugary_Drink,lower_95CL,upper_95CL,NYC_Comparison,NYC_Comparison_Pvalues,Boro_Comparison,Boro_Comparison_Pvalues,Fruit_Veg,lower_95CL,upper_95CL,NYC_Comparison,NYC_Comparison_Pvalues,Boro_Comparison,Boro_Comparison_Pvalues,Smoking,lower_95CL,upper_95CL,NYC_Comparison,NYC_Comparison_Pvalues,Boro_Comparison,Boro_Comparison_Pvalues,Uninsured,Uninsured_reliability_note,lower_95CL,upper_95CL,NYC_Comparison,NYC_Comparison_Pvalues,Boro_Comparison,Boro_Comparison_Pvalues,Unmet_Med_Care,Unmet_Med_Care_reliability_note,lower_95CL,upper_95CL,NYC_Comparison,NYC_Comparison_Pvalues,Boro_Comparison,Boro_Comparison_Pvalues,Avoidable_Adult_Hosp,lower_95CL,upper_95CL,NYC_Comparison,Falls_Hosp,lower_95CL,upper_95CL,NYC_Comparison,HPV_Vaccination_All,HPV_Vaccination_Female,HPV_Vaccination_Male,Flu_Vaccination,Flu_Vaccination_reliability_note,lower_95CL,upper_95CL,NYC_Comparison,NYC_Comparison_Pvalues,Boro_Comparison,Boro_Comparison_Pvalues,Obesity,lower_95CL,upper_95CL,NYC_Comparison,NYC_Comparison_Pvalues,Boro_Comparison,Boro_Comparison_Pvalues,Diabetes,lower_95CL,upper_95CL,NYC_Comparison,NYC_Comparison_Pvalues,Boro_Comparison,Boro_Comparison_Pvalues,Hypertension,lower_95CL,upper_95CL,NYC_Comparison,NYC_Comparison_Pvalues,Boro_Comparison,Boro_Comparison_Pvalues,HIV_Diagnoses,HIV_Diagnoses_reliability_note,HepC_Reports,Binge_Drink,lower_95CL,upper_95CL,NYC_Comparison,NYC_Comparison_Pvalues,Boro_Comparison,Boro_Comparison_Pvalues,Psych_Hosp,lower_95CL,upper_95CL,NYC_Comparison,Infant_Mort,Infant_Mort_reliability_note,NYC_Comparison,Premature_Mort_Number,Premature_Mort_Rate,NYC_Comparison,Life_Expectancy,lower_95CL,upper_95CL,NYC_Comparison
0,City,NYC,8537673,32,22,15,29,2,21,9,32,25,14,23,22.8,23.2,n/a,37,n/a,n/a,20,n/a,75,n/a,19,19,19.4,n/a,38,37.9,38.4,n/a,43,42.4,42.9,n/a,20,9,8.5,8.7,n/a,51,50.8,51.6,n/a,n/a,n/a,59,58.5,60.4,n/a,425,72,71,72.8,n/a,n/a,n/a,n/a,44,23,89,7.5,10,n/a,23,22.4,23.6,n/a,13,144,6.7,n/a,8.7,n/a,19.3,,n/a,20,19.8,20.7,n/a,223,220.3,225.6,n/a,623,602.8,644.1,n/a,78,77,78.6,n/a,n/a,n/a,n/a,73,72.2,73.9,n/a,n/a,n/a,n/a,23,22.3,24,n/a,n/a,n/a,n/a,87,86.8,88.1,n/a,n/a,n/a,n/a,14,13,14.4,n/a,n/a,n/a,n/a,12,,11.2,12.5,n/a,n/a,n/a,n/a,10,,9.6,10.8,n/a,n/a,n/a,n/a,1033,1025.7,1039.4,n/a,1604,1590.4,1618.1,n/a,59,63,56,43,,42.4,44.3,n/a,n/a,n/a,n/a,24,23,24.7,n/a,n/a,n/a,n/a,11,10.8,11.9,n/a,n/a,n/a,n/a,28,27.7,29.2,n/a,n/a,n/a,n/a,24,,71.8,17,16.4,18,n/a,n/a,n/a,n/a,676,670,682.5,n/a,4.4,,n/a,67175,169.5,n/a,81.2,81.1,81.3,n/a
1,NYC,Manhattan,1643734,47,12,12,26,2,15,9,37,24,15,16,15.2,15.9,n/a,29,n/a,n/a,18,n/a,73,n/a,13,12.6,13.4,n/a,23,22.3,23.2,n/a,64,63.6,64.9,n/a,14,7,6.6,7.2,n/a,45,43.7,45.4,n/a,n/a,n/a,49,47.1,51,n/a,407,70,67.6,72.1,n/a,n/a,n/a,n/a,48,20,93,9,29,n/a,21,19.2,21.8,n/a,9,48,4.9,n/a,8.3,n/a,12,,n/a,16,14.8,18,n/a,264,255.7,271.7,n/a,488,440.1,535.4,n/a,83,81.5,84.8,n/a,n/a,n/a,n/a,81,79.1,82.8,n/a,n/a,n/a,n/a,17,15.2,18.8,n/a,n/a,n/a,n/a,90,88,91,n/a,n/a,n/a,n/a,13,11,14.3,n/a,n/a,n/a,n/a,9,,7.2,10.1,n/a,n/a,n/a,n/a,10,,8.9,12,n/a,n/a,n/a,n/a,1072,1054.4,1089.2,n/a,1813,1781.6,1845.2,n/a,63,66,60,50,,47.6,52.5,n/a,n/a,n/a,n/a,15,13.9,16.9,n/a,n/a,n/a,n/a,8,6.9,8.9,n/a,n/a,n/a,n/a,23,21.4,24.9,n/a,n/a,n/a,n/a,28.5,,77.5,25,23.2,27.5,n/a,n/a,n/a,n/a,750,735.7,765.2,n/a,3.4,,n/a,10928,144.3,n/a,84.7,84.6,84.8,n/a
2,NYC,Bronx,1455720,9,30,4,56,1,25,11,29,24,12,26,25.6,26.4,n/a,35,n/a,n/a,29,n/a,68,n/a,29,28.3,29.3,n/a,45,44.5,45.7,n/a,26,25.6,26.5,n/a,25,13,12.3,13.1,n/a,58,56.9,58.6,n/a,n/a,n/a,113,109.5,115.8,n/a,670,67,64.7,69,n/a,n/a,n/a,n/a,32,35,83,7.8,12,n/a,28,25.9,29.1,n/a,15,24,10.9,n/a,9.7,n/a,28.4,,n/a,24,23.4,24.3,n/a,410,402.5,418.1,n/a,1254,1187.6,1321.1,n/a,73,71.4,75.3,n/a,n/a,n/a,n/a,70,67.7,71.9,n/a,n/a,n/a,n/a,32,29.7,34.1,n/a,n/a,n/a,n/a,83,81.7,85.2,n/a,n/a,n/a,n/a,14,12.7,15.9,n/a,n/a,n/a,n/a,12,,10.7,13.8,n/a,n/a,n/a,n/a,12,,10.5,13.4,n/a,n/a,n/a,n/a,2091,2062.8,2118.8,n/a,1677,1640,1713.8,n/a,70,73,66,49,,46.6,51.1,n/a,n/a,n/a,n/a,32,30.2,34.7,n/a,n/a,n/a,n/a,16,14.7,17.7,n/a,n/a,n/a,n/a,36,34.1,38,n/a,n/a,n/a,n/a,35.7,,99,14,12.5,15.7,n/a,n/a,n/a,n/a,853,835.9,870.7,n/a,5.4,,n/a,14853,229.4,n/a,80.9,80.8,81,n/a
3,NYC,Brooklyn,2629150,36,30,12,19,2,23,9,32,23,13,23,22.9,23.4,n/a,37,n/a,n/a,19,n/a,75,n/a,20,19.7,20.3,n/a,40,39.3,40.1,n/a,40,39.9,40.7,n/a,21,9,8.8,9.2,n/a,52,51.4,52.6,n/a,n/a,n/a,59,57,60.3,n/a,460,73,71,74.1,n/a,n/a,n/a,n/a,41,26,85,7.8,13,n/a,23,22.1,24.3,n/a,20,50,6.2,n/a,8.3,n/a,19.9,,n/a,19,18.5,20.1,n/a,186,181.4,189.7,n/a,502,471,533.7,n/a,77,75.6,78.2,n/a,n/a,n/a,n/a,72,70,73.1,n/a,n/a,n/a,n/a,24,22.1,25.1,n/a,n/a,n/a,n/a,86,85.1,87.6,n/a,n/a,n/a,n/a,14,12.6,15.1,n/a,n/a,n/a,n/a,12,,11,13.3,n/a,n/a,n/a,n/a,10,,9,11.2,n/a,n/a,n/a,n/a,1420,1402.8,1436.3,n/a,1526,1500.9,1551.1,n/a,43,47,41,38,,36.6,39.8,n/a,n/a,n/a,n/a,27,25,28,n/a,n/a,n/a,n/a,12,11,12.9,n/a,n/a,n/a,n/a,29,28,30.6,n/a,n/a,n/a,n/a,22.1,,67.9,15,13.8,16.4,n/a,n/a,n/a,n/a,684,672.5,695.5,n/a,3.6,,n/a,21770,184.1,n/a,82.9,82.8,83,n/a
4,NYC,Queens,2333054,25,18,26,28,2,20,9,30,27,14,29,28.6,29.2,n/a,48,n/a,n/a,15,n/a,81,n/a,19,19,19.7,n/a,42,41.6,42.4,n/a,39,38.2,39,n/a,19,8,7.6,8,n/a,53,52.1,53.8,n/a,n/a,n/a,37,35.2,38,n/a,315,73,71.5,75,n/a,n/a,n/a,n/a,52,19,92,7.2,6,n/a,19,18.4,20.5,n/a,10,18,7.9,n/a,8.5,n/a,15.3,,n/a,20,19.2,20.8,n/a,132,127.7,135.6,n/a,461,426.6,496.4,n/a,76,74.7,78,n/a,n/a,n/a,n/a,70,68.3,72,n/a,n/a,n/a,n/a,22,20,23.3,n/a,n/a,n/a,n/a,89,87.6,90.2,n/a,n/a,n/a,n/a,14,12.4,15.3,n/a,n/a,n/a,n/a,15,,13.3,16.2,n/a,n/a,n/a,n/a,10,,8.7,11.2,n/a,n/a,n/a,n/a,1028,1013.5,1042.5,n/a,1352,1328,1375.4,n/a,52,55,49,42,,39.9,43.7,n/a,n/a,n/a,n/a,22,20.5,23.8,n/a,n/a,n/a,n/a,11,10.2,12.5,n/a,n/a,n/a,n/a,28,26.5,29.6,n/a,n/a,n/a,n/a,17.8,,48.3,15,13.9,16.9,n/a,n/a,n/a,n/a,513,502.6,523.5,n/a,4,,n/a,15230,135.4,n/a,84.2,84.1,84.3,n/a
5,NYC,Staten Island,476015,62,10,9,18,2,22,9,26,28,15,11,10.3,11.1,n/a,22,n/a,n/a,19,n/a,81,n/a,11,10.6,11.6,n/a,50,48.6,50.5,n/a,39,38.4,40.3,n/a,17,6,5.8,6.6,n/a,49,46.9,51.2,n/a,n/a,n/a,59,54.7,62.8,n/a,395,83,78.9,85.9,n/a,n/a,n/a,n/a,66,5,94,6.8,4,n/a,34,31,37.2,n/a,12,4,2.5,n/a,8.6,n/a,12.5,,n/a,19,18.2,20.3,n/a,96,88.7,102.5,n/a,270,211.7,338.4,n/a,81,77.4,84.4,n/a,n/a,n/a,n/a,75,71.5,78.9,n/a,n/a,n/a,n/a,26,21.9,30.1,n/a,n/a,n/a,n/a,90,86.5,92.3,n/a,n/a,n/a,n/a,16,13.2,20.2,n/a,n/a,n/a,n/a,7,,5.2,10.4,n/a,n/a,n/a,n/a,8,,5.6,10.8,n/a,n/a,n/a,n/a,1066,1033.4,1097.8,n/a,2240,2174.2,2305.4,n/a,27,30,25,39,,34.8,42.5,n/a,n/a,n/a,n/a,25,21.7,28.8,n/a,n/a,n/a,n/a,8,6.2,9.6,n/a,n/a,n/a,n/a,25,21.9,27.7,n/a,n/a,n/a,n/a,12.8,,65.3,18,14.4,21.4,n/a,n/a,n/a,n/a,707,678.9,734.9,n/a,4.5,,n/a,4394,184.3,n/a,81.9,81.8,82.1,n/a
101,Manhattan,Financial District,63383,64,3,21,8,3,14,11,50,18,7,6,5.4,7,Lower,24,23,25.5,6,Lower,96,Higher,4,3.3,4.3,Lower,12,11,13,Lower,84,83,85.3,Higher,9,4,3.6,4.9,Lower,38,35.4,40.4,Lower,n/a,n/a,24,16.9,33.4,Lower,152,70,61.8,76.9,Similar,0.619,Similar,0.983,56,11,96,9.6,36,Higher,10,6.1,16.9,Lower,6,6,1.3,Lower,7.7,Lower,2.2,*,Lower,5,4,5.6,Lower,28,15.2,48.7,Lower,^,^,^,^,91,87.3,93.6,Higher,<0.001,Higher,<0.001,90,86,93.2,Higher,<0.001,Higher,<0.001,8,5,12.8,Lower,<0.001,Lower,<0.001,96,92.6,97.8,Higher,<0.001,Higher,<0.001,16,10.5,22.5,Similar,0.529,Similar,0.34,4,*,2.2,8.8,Lower,<0.001,Lower,0.022,7,*,4,13,Similar,0.194,Similar,0.212,698,598.6,797,Lower,2020,1770.3,2269,Higher,61,65,57,47,,39.7,53.9,Similar,0.366,Similar,0.419,4,2.4,6.2,Lower,<0.001,Lower,<0.001,3,1.9,6,Lower,<0.001,Lower,<0.001,15,11.7,19.9,Lower,<0.001,Lower,<0.001,22.1,,104.1,30,23.4,38.3,Higher,0.001,Similar,0.126,318,264.7,370.7,Lower,3.2,*,Lower,215,86.1,Lower,85.8,85.2,86.3,Higher
102,Manhattan,Greenwich Village and Soho,91638,74,2,15,7,3,9,10,42,24,15,6,5.4,7,Lower,24,23,25.5,7,Lower,91,Higher,4,3.3,4.3,Lower,12,11,13,Lower,84,83,85.3,Higher,9,4,3.6,4.9,Lower,38,35.4,40.4,Lower,n/a,n/a,10,7.2,14.6,Lower,100,70,61.8,76.9,Similar,0.619,Similar,0.983,56,11,96,9.5,31,Higher,9,6,13,Lower,7,1,2,Lower,9.1,Higher,1,*,Lower,5,4.7,6.3,Lower,38,23.2,58.7,Lower,^,^,^,^,91,87.3,93.6,Higher,<0.001,Higher,<0.001,90,86,93.2,Higher,<0.001,Higher,<0.001,8,5,12.8,Lower,<0.001,Lower,<0.001,96,92.6,97.8,Higher,<0.001,Higher,<0.001,16,10.5,22.5,Similar,0.529,Similar,0.34,4,*,2.2,8.8,Lower,<0.001,Lower,0.022,7,*,4,13,Similar,0.194,Similar,0.212,426,380,472.6,Lower,1701,1570.5,1831.6,Similar,49,55,43,47,,39.7,53.9,Similar,0.366,Similar,0.419,4,2.4,6.2,Lower,<0.001,Lower,<0.001,3,1.9,6,Lower,<0.001,Lower,<0.001,15,11.7,19.9,Lower,<0.001,Lower,<0.001,16.4,,41.5,30,23.4,38.3,Higher,0.001,Similar,0.126,267,231.1,303.8,Lower,0.9,*,Lower,336,78.2,Lower,85.8,85.4,86.2,Higher
103,Manhattan,Lower East Side and Chinatown,171103,30,7,36,25,2,13,11,35,25,16,28,26.5,29.4,Higher,34,33.1,35.8,16,Lower,77,Similar,24,22.8,25.7,Higher,28,26.3,29,Lower,48,46.2,49.9,Higher,18,8,6.5,8.8,Similar,48,45.2,50.1,Lower,Gentrifying,18,42,36.8,48,Lower,449,66,59.7,72.2,Similar,0.075,Similar,0.222,36,36,89,8.9,37,Higher,20,15.5,23.5,Similar,18,4,5,Lower,8.2,Lower,10.1,,Lower,16,13.8,18.4,Lower,297,270.2,324.1,Higher,411,272.8,593.3,Lower,70,63.7,74.8,Lower,0.003,Lower,<0.001,77,71,81.5,Similar,0.16,Similar,0.113,16,12.1,22,Lower,0.007,Similar,0.747,88,83.9,91.8,Similar,0.657,Similar,0.593,20,15,25.9,Higher,0.023,Higher,0.007,11,,7,15.8,Similar,0.704,Similar,0.23,8,,5.3,13.1,Similar,0.368,Similar,0.395,1207,1150.2,1262.9,Higher,1837,1739.8,1934,Higher,68,73,63,47,,40.9,53.4,Similar,0.259,Similar,0.448,10,6.9,14,Lower,<0.001,Lower,0.002,11,7.7,14.8,Similar,0.675,Similar,0.068,22,17.9,27.2,Lower,0.009,Similar,0.799,15.2,,64.3,23,17.4,28.6,Similar,0.065,Similar,0.398,632,590.1,673.2,Similar,3,,Lower,1375,173,Similar,82.2,81.9,82.5,Higher
104,Manhattan,Clinton and Chelsea,122119,59,6,14,18,3,9,8,45,26,13,10,8.6,10.6,Lower,28,26.9,29.9,16,Lower,81,Higher,6,4.7,6.4,Lower,17,15.6,18.1,Lower,78,75.9,79.2,Higher,11,5,4.7,6,Lower,41,39,43.9,Lower,n/a,7,34,28.4,40.4,Lower,313,66,58.3,72.2,Similar,0.077,Similar,0.192,54,15,95,9.8,27,Higher,15,11.7,19.8,Lower,7,4,4.9,Lower,8.7,Similar,9.9,,Lower,14,11,16.8,Lower,169,137.1,201.2,Lower,^,^,^,^,86,81.5,90,Higher,<0.001,Similar,0.133,83,76.2,87.8,Higher,0.001,Similar,0.452,11,7.3,16.1,Lower,<0.001,Lower,0.004,91,86.2,94.6,Similar,0.072,Similar,0.357,11,7.4,15.4,Similar,0.15,Similar,0.308,11,,6.2,17.8,Similar,0.795,Similar,0.311,8,,4.8,12.3,Similar,0.198,Similar,0.216,820,762.2,877.5,Lower,1613,1493.4,1731.7,Similar,54,62,47,51,,44.1,58.2,Higher,0.033,Similar,0.619,10,7.2,14.4,Lower,<0.001,Lower,0.004,5,3.2,7.8,Lower,<0.001,Lower,0.02,18,13.9,22.3,Lower,<0.001,Lower,0.016,65.5,,144.9,31,24.8,38.4,Higher,<0.001,Similar,0.052,861,804.3,918.6,Higher,4,,Lower,687,122.9,Lower,83.1,82.8,83.5,Higher
105,Manhattan,Midtown,53120,67,4,19,8,2,7,12,45,22,13,10,8.6,10.6,Lower,28,26.9,29.9,19,Lower,92,Higher,6,4.7,6.4,Lower,17,15.6,18.1,Lower,78,75.9,79.2,Higher,11,5,4.7,6,Lower,41,39,43.9,Lower,n/a,^,25,17.7,34.9,Lower,297,66,58.3,72.2,Similar,0.077,Similar,0.192,54,15,95,11.3,27,Higher,18,11,26.7,Similar,11,4,2.5,Lower,6.7,Lower,4,,Lower,9,6.2,12.2,Lower,98,59.9,151.5,Lower,^,^,^,^,86,81.5,90,Higher,<0.001,Similar,0.133,83,76.2,87.8,Higher,0.001,Similar,0.452,11,7.3,16.1,Lower,<0.001,Lower,0.004,91,86.2,94.6,Similar,0.072,Similar,0.357,11,7.4,15.4,Similar,0.15,Similar,0.308,11,,6.2,17.8,Similar,0.795,Similar,0.311,8,,4.8,12.3,Similar,0.198,Similar,0.216,688,607.4,769.3,Lower,1668,1488.5,1848,Similar,63,77,49,51,,44.1,58.2,Higher,0.033,Similar,0.619,10,7.2,14.4,Lower,<0.001,Lower,0.004,5,3.2,7.8,Lower,<0.001,Lower,0.02,18,13.9,22.3,Lower,<0.001,Lower,0.016,18.8,*,79.1,31,24.8,38.4,Higher,<0.001,Similar,0.052,562,490.1,634.1,Lower,2.3,*,Lower,283,122.8,Lower,84.8,84.1,85.4,Higher
106,Manhattan,Stuyvesant Town and Turtle Bay,144591,71,3,16,8,2,8,11,41,23,18,6,5.1,6.9,Lower,22,21,23.7,8,Lower,91,Higher,3,2.3,3.6,Lower,15,13.2,16.2,Lower,82,79.9,84.7,Higher,10,4,3.1,4.6,Lower,42,38.3,44.8,Lower,n/a,n/a,35,29.6,41.2,Lower,180,75,67.8,80.5,Similar,0.389,Similar,0.151,60,14,95,10.2,21,Higher,20,16,24.8,Similar,7,2,2.3,Lower,7.8,Lower,1.5,*,Lower,7,5,8.9,Lower,93,71.9,119.3,Lower,^,^,^,^,90,85.3,93.4,Higher,<0.001,Higher,0.001,83,76.5,88.4,Higher,<0.001,Similar,0.364,11,7.2,16,Lower,<0.001,Lower,0.004,91,84.2,95.5,Similar,0.153,Similar,0.434,12,7.4,20.1,Similar,0.681,Similar,0.862,3,*,1.6,7,Lower,<0.001,Lower,0.001,8,,4.3,12.8,Similar,0.212,Similar,0.232,659,615.4,703.4,Lower,2019,1915.1,2123.5,Higher,57,65,48,57,,48.9,65.1,Higher,0.001,Similar,0.053,13,9.4,18.4,Lower,<0.001,Similar,0.331,4,2.4,6.3,Lower,<0.001,Lower,<0.001,22,17.9,27.2,Lower,0.009,Similar,0.822,14.5,,59.5,34,26.7,41.1,Higher,<0.001,Higher,0.016,1012,954.2,1070.4,Higher,2.1,*,Lower,611,93.3,Lower,85.9,85.6,86.2,Higher
107,Manhattan,Upper West Side,214744,66,7,9,15,2,15,5,34,27,18,9,7.6,9.9,Lower,23,21.3,23.8,14,Lower,83,Higher,6,5,6.6,Lower,16,15,17.3,Lower,78,76.4,79.7,Higher,9,5,4.5,6.1,Lower,40,37.5,42.5,Lower,n/a,n/a,25,20.6,28.7,Lower,211,71,64.4,76.5,Similar,0.75,Similar,0.735,53,11,94,8.5,30,Higher,16,12.6,18.8,Lower,3,5,3.2,Lower,7.8,Lower,7.1,,Lower,10,7,13.1,Lower,125,109.7,140.4,Lower,292,203.7,406.7,Lower,93,88.5,95.3,Higher,<0.001,Higher,<0.001,83,76.3,88.8,Higher,0.001,Similar,0.324,12,7.8,17.7,Lower,<0.001,Lower,0.025,92,85.6,95.2,Similar,0.085,Similar,0.327,10,6.4,15.6,Similar,0.112,Similar,0.196,5,*,2.5,8.2,Lower,<0.001,Lower,0.013,10,,5.8,15.2,Similar,0.788,Similar,0.809,754,716.4,791.2,Lower,1872,1792.2,1952.6,Higher,52,55,50,62,,54.2,68.5,Higher,<0.001,Higher,<0.001,10,6.5,14.3,Lower,<0.001,Lower,0.002,5,3.1,8.8,Lower,<0.001,Similar,0.059,21,16.1,26.9,Lower,0.006,Similar,0.466,15.4,,46.6,19,14.2,26,Similar,0.475,Similar,0.053,370,339.2,399.9,Lower,2.6,,Lower,1187,112.2,Lower,84.7,84.5,84.9,Higher
108,Manhattan,Upper East Side,225914,78,3,10,7,2,14,5,37,24,20,6,5.2,6.8,Lower,23,21.6,24.8,8,Lower,91,Higher,3,2.1,3.2,Lower,14,13,15.2,Lower,83,81.6,84.9,Higher,7,4,3.1,4.4,Lower,41,38.5,44.3,Lower,n/a,n/a,15,12.4,18.6,Lower,71,62,53.4,69.2,Lower,0.01,Lower,0.021,64,12,97,9.1,30,Higher,19,15.4,21.7,Lower,5,2,1.4,Lower,7.3,Lower,3.4,,Lower,6,4.7,7.6,Lower,49,39.8,58.8,Lower,179,110.8,273.6,Lower,89,83.6,93.3,Higher,<0.001,Higher,0.005,87,80.9,91.4,Higher,<0.001,Higher,0.011,13,8.8,19.8,Lower,<0.001,Similar,0.133,94,90.2,96.9,Higher,<0.001,Higher,0.001,8,4.8,11.6,Lower,<0.001,Lower,0.002,4,*,1.5,9.7,Lower,<0.001,Lower,0.016,7,,4.2,11.4,Similar,0.074,Similar,0.078,547,515.6,577.5,Lower,2098,2017,2178.2,Higher,55,57,52,55,,47.5,62.8,Higher,0.002,Similar,0.098,11,7.7,15.3,Lower,<0.001,Lower,0.012,4,2.2,5.9,Lower,<0.001,Lower,<0.001,15,11,21,Lower,<0.001,Lower,0.001,6.6,,24.3,29,23,36.6,Higher,<0.001,Similar,0.166,304,276,331.2,Lower,0.8,*,Lower,957,90.9,Lower,85.9,85.7,86.1,Higher
109,Manhattan,Morningside Heights and Hamilton Heights,111287,22,24,7,44,3,17,16,34,21,12,20,18.7,21.7,Lower,34,32.3,35.6,27,Higher,65,Lower,21,18.9,22.4,Similar,30,28.2,31.9,Lower,49,47.4,51.2,Higher,24,8,7.2,9.6,Similar,51,47.5,53.7,Similar,Gentrifying,25,57,49.4,65.3,Similar,633,73,66.1,79.1,Similar,0.697,Similar,0.331,37,33,86,8,20,Higher,21,16.3,27.2,Similar,11,3,11,Higher,8.2,Lower,10.9,,Lower,25,21,28.4,Higher,333,301.2,363.9,Higher,654,462.6,897.3,Similar,83,77.6,87.4,Higher,0.042,Similar,0.968,76,68.9,81.9,Similar,0.342,Similar,0.158,29,22.4,35.7,Similar,0.109,Higher,<0.001,88,82.8,92.4,Similar,0.703,Similar,0.695,17,11.7,24.6,Similar,0.276,Similar,0.165,11,,7.1,16.2,Similar,0.806,Similar,0.225,10,,6.9,15.7,Similar,0.878,Similar,0.836,1345,1263.3,1427.2,Higher,1232,1119,1345.9,Lower,66,68,64,45,,37.9,52.5,Similar,0.667,Similar,0.233,21,16.1,27.6,Similar,0.412,Higher,0.04,10,6.7,13.5,Similar,0.277,Similar,0.249,29,23.3,35.7,Similar,0.816,Higher,0.041,34.1,,50.3,21,15.7,28.3,Similar,0.212,Similar,0.252,726,668.9,783.4,Similar,4.5,,Similar,794,167.4,Similar,81.4,81,81.7,Similar
110,Manhattan,Central Harlem,116345,9,62,3,23,3,21,10,35,24,11,11,10.2,12.4,Lower,23,21.6,24.5,27,Higher,64,Lower,19,17.5,20.5,Similar,39,36.9,40.2,Similar,42,40.4,44.4,Similar,21,12,10.4,13.3,Higher,48,45.1,50.5,Lower,Gentrifying,50,116,105.2,127.2,Higher,1347,73,66.5,78.2,Similar,0.768,Similar,0.365,37,25,87,7.9,14,Higher,32,25.7,37.9,Higher,11,5,11,Higher,10.3,Higher,23,,Higher,21,19.5,22.6,Similar,545,510.1,580.1,Higher,886,689.4,1121.3,Higher,79,73.3,83.4,Similar,0.76,Similar,0.079,73,66.7,78.8,Similar,0.929,Lower,0.012,29,23,35,Similar,0.076,Higher,<0.001,84,78.2,88.4,Similar,0.16,Lower,0.024,10,6.4,14.8,Similar,0.069,Similar,0.152,8,,4.9,13,Similar,0.09,Similar,0.983,10,,6.7,15,Similar,1,Similar,0.952,2240,2137.1,2342.8,Higher,1333,1213.1,1452,Lower,67,68,66,44,,37.6,50.1,Similar,0.936,Similar,0.071,34,27.9,39.8,Higher,0.001,Higher,<0.001,12,9,16.2,Similar,0.713,Higher,0.012,35,29.7,40.4,Higher,0.017,Higher,<0.001,69.6,,99.7,17,12.7,23.2,Similar,0.977,Lower,0.005,993,928.2,1057.3,Higher,7.2,,Higher,1519,276.3,Higher,76.2,75.9,76.5,Lower
111,Manhattan,East Harlem,124323,12,30,6,50,2,21,10,33,23,13,19,17.4,20.5,Lower,24,22.6,25.9,30,Higher,67,Lower,25,23.6,27.2,Higher,37,35.3,38.7,Similar,38,36,39.2,Lower,23,11,9.4,11.9,Higher,48,44.8,50.5,Lower,Gentrifying,42,130,119.1,141.8,Higher,1291,67,60.2,72.9,Similar,0.126,Similar,0.339,42,36,88,8.2,30,Higher,29,23.7,34.7,Higher,17,8,8.4,Higher,10.8,Higher,24.9,,Higher,23,21.5,25.2,Higher,580,545.6,614.9,Higher,1374,1116,1631.8,Higher,76,70.3,81.7,Similar,0.596,Lower,0.018,68,61.2,74.5,Similar,0.171,Lower,<0.001,29,23.4,36.2,Similar,0.058,Higher,<0.001,84,78.1,88.6,Similar,0.187,Lower,0.035,18,14,23.6,Similar,0.055,Higher,0.023,12,,8.2,17.4,Similar,0.773,Similar,0.074,14,,9.7,19.9,Similar,0.125,Similar,0.108,2262,2166.1,2358.7,Higher,1775,1653.1,1896.7,Higher,71,72,70,46,,39.3,53,Similar,0.456,Similar,0.342,28,22.2,33.8,Similar,0.181,Higher,<0.001,17,12.5,21.6,Higher,0.028,Higher,<0.001,34,28.4,39.7,Similar,0.059,Higher,<0.001,49.9,,129.5,18,13.1,24.1,Similar,0.803,Lower,0.014,1901,1813.4,1988.1,Higher,5.9,,Higher,1598,288.9,Higher,77.3,77,77.6,Lower
112,Manhattan,Washington Heights and Inwood,195830,17,7,3,72,1,19,10,33,25,13,37,36,38.9,Higher,47,46.1,48.7,19,Lower,68,Lower,29,27.7,30.7,Higher,33,31.6,34.6,Lower,38,36.3,39.1,Lower,20,12,11.1,12.9,Higher,53,50.4,55.1,Similar,Gentrifying,12,43,37.5,47.7,Lower,482,80,73.8,84.8,Higher,0.004,Higher,<0.001,33,28,90,7.8,35,Higher,17,13.8,20.5,Lower,13,4,6.1,Lower,7.3,Lower,23.3,,Higher,24,21.7,26.8,Higher,226,207.4,244.8,Similar,587,456.2,744.7,Similar,68,61.6,73.9,Lower,0.001,Lower,<0.001,77,71.2,81.7,Similar,0.132,Similar,0.123,23,17.6,30.3,Similar,0.95,Higher,0.038,81,74.3,85.6,Lower,0.015,Lower,0.001,13,8.3,20.1,Similar,0.834,Similar,0.932,14,,9.8,18.9,Similar,0.313,Higher,0.008,17,,12.2,22.5,Higher,0.011,Higher,0.005,1339,1280.4,1397.4,Higher,1420,1333.2,1506.8,Lower,72,74,69,38,,31.9,44.5,Similar,0.087,Lower,<0.001,26,20.5,31.7,Similar,0.48,Higher,<0.001,13,9.6,17.1,Similar,0.456,Higher,0.003,28,22.9,33.8,Similar,0.897,Higher,0.044,31.1,,60.3,24,18.5,29.8,Higher,0.025,Similar,0.641,565,527.8,601.9,Lower,4.3,,Similar,1308,142,Lower,84,83.7,84.3,Higher
201,Bronx,Mott Haven and Melrose,98403,1,24,1,73,1,28,12,28,21,10,33,31.3,33.9,Higher,30,28.1,31,32,Higher,62,Lower,41,39.9,43,Higher,43,41.2,44.8,Higher,16,14.6,16.6,Lower,29,12,10.9,13.4,Higher,58,55.3,60.4,Higher,Gentrifying,45,186,170,201.4,Higher,1214,57,49.9,64.7,Lower,<0.001,Lower,0.007,24,40,74,8.6,18,Higher,43,35.6,51.2,Higher,25,3,11.3,Higher,9.5,Higher,35.1,,Higher,24,22.6,25,Higher,647,611.3,682.1,Higher,1760,1469.4,2050.3,Higher,72,64.9,78.2,Similar,0.076,Similar,0.615,65,56.9,72,Lower,0.036,Similar,0.182,29,22.7,37.3,Similar,0.088,Similar,0.512,82,73.8,87.7,Similar,0.096,Similar,0.597,15,9.6,21.7,Similar,0.742,Similar,0.915,14,,9.1,20.8,Similar,0.383,Similar,0.448,10,,6.5,15.7,Similar,0.988,Similar,0.406,3138,3000.1,3276.9,Higher,1632,1481.6,1782.9,Similar,84,88,80,56,,47.7,63.6,Higher,0.002,Similar,0.053,42,34.1,49.8,Higher,<0.001,Higher,0.011,20,15.4,26.6,Higher,0.002,Similar,0.117,38,31,44.6,Higher,0.008,Similar,0.567,43.7,,81.3,18,12.1,25.6,Similar,0.871,Similar,0.28,940,867.4,1011.9,Higher,5.1,,Higher,1192,302,Higher,77.6,77.1,78.1,Lower
202,Bronx,Hunts Point and Longwood,56144,1,21,1,76,1,28,12,29,21,10,33,31.3,33.9,Higher,30,28.1,31,35,Higher,58,Lower,41,39.9,43,Higher,43,41.2,44.8,Higher,16,14.6,16.6,Lower,29,12,10.9,13.4,Higher,58,55.3,60.4,Higher,Gentrifying,39,151,132.7,170.2,Higher,1036,57,49.9,64.7,Lower,<0.001,Lower,0.007,24,40,74,8.5,27,Higher,36,27.2,46.8,Higher,20,1,13,Higher,10.1,Higher,36.2,,Higher,26,24.7,27.2,Higher,432,393.6,471.3,Higher,1232,935.6,1592.8,Higher,72,64.9,78.2,Similar,0.076,Similar,0.615,65,56.9,72,Lower,0.036,Similar,0.182,29,22.7,37.3,Similar,0.088,Similar,0.512,82,73.8,87.7,Similar,0.096,Similar,0.597,15,9.6,21.7,Similar,0.742,Similar,0.915,14,,9.1,20.8,Similar,0.383,Similar,0.448,10,,6.5,15.7,Similar,0.988,Similar,0.406,2709,2535.7,2882,Higher,1361,1172.8,1550.2,Lower,85,89,82,56,,47.7,63.6,Higher,0.002,Similar,0.053,42,34.1,49.8,Higher,<0.001,Higher,0.011,20,15.4,26.6,Higher,0.002,Similar,0.117,38,31,44.6,Higher,0.008,Similar,0.567,58.8,,126.5,18,12.1,25.6,Similar,0.871,Similar,0.28,919,825.4,1013.1,Higher,4.2,*,Similar,596,261.6,Higher,78.9,78.3,79.5,Lower
203,Bronx,Morrisania and Crotona,91601,1,37,1,60,1,29,12,28,22,9,27,25.4,27.7,Higher,31,30,32.7,34,Higher,63,Lower,36,34.6,37.7,Higher,45,43.3,46.7,Higher,19,17.7,20,Lower,31,16,14.8,17.4,Higher,60,57.9,62.6,Higher,Gentrifying,50,161,146,176.6,Higher,1243,62,56.4,67.8,Lower,0.001,Similar,0.092,27,42,74,7.8,29,Higher,34,26.9,41.7,Higher,10,1,13.1,Higher,10.7,Higher,35.6,,Higher,24,22.4,25.3,Higher,442,412,471.3,Higher,1348,1090.3,1606.1,Higher,69,63.5,74.2,Lower,0.001,Similar,0.08,68,61.7,73,Similar,0.068,Similar,0.478,34,28.6,40.3,Higher,<0.001,Similar,0.396,81,75.7,85.3,Lower,0.006,Similar,0.265,16,12.6,21,Similar,0.209,Similar,0.331,12,,8.2,16.2,Similar,0.927,Similar,0.888,15,,10.8,19.4,Higher,0.04,Similar,0.208,2957,2812.4,3101.4,Higher,1505,1344.3,1665.7,Similar,81,87,74,53,,47,58.7,Higher,0.002,Similar,0.115,36,29.9,42,Higher,<0.001,Similar,0.239,22,17.8,26.9,Higher,<0.001,Higher,0.009,32,26.7,36.9,Similar,0.219,Similar,0.101,51.3,,131,13,9.8,17.7,Lower,0.045,Similar,0.544,1435,1342.2,1527.5,Higher,6.4,,Higher,1186,312.9,Higher,76.2,75.8,76.6,Lower
204,Bronx,Highbridge and Concourse,155835,1,31,2,65,1,27,11,29,23,10,35,32.9,36.7,Higher,42,40.5,43.9,28,Higher,67,Lower,36,33.7,37.3,Higher,43,41.5,45,Higher,21,19.9,22.6,Lower,32,13,11.4,14,Higher,61,58.2,63.5,Higher,Non-gentrifying,41,123,112.5,132.8,Higher,813,59,52.8,65.1,Lower,<0.001,Lower,0.009,19,44,81,8.3,14,Higher,27,22.4,32.4,Similar,18,4,12,Higher,9.3,Higher,34,,Higher,23,22.4,24.6,Higher,420,396.6,443.5,Higher,1356,1154.2,1557,Higher,72,65.6,77.8,Similar,0.055,Similar,0.598,65,58.2,71,Lower,0.014,Similar,0.126,34,27.7,40.2,Higher,0.001,Similar,0.519,83,76.9,87.1,Similar,0.055,Similar,0.72,15,11.3,20.6,Similar,0.455,Similar,0.643,13,,8.7,18.1,Similar,0.601,Similar,0.739,10,,6.8,14.1,Similar,0.871,Similar,0.235,2307,2211.9,2401.5,Higher,1257,1148.5,1364.5,Lower,78,79,76,51,,44.1,57.6,Higher,0.031,Similar,0.447,34,27.8,41.2,Higher,0.002,Similar,0.543,17,12.6,22.4,Higher,0.026,Similar,0.744,42,36.1,48.4,Higher,<0.001,Higher,0.029,39.8,,78.3,12,9.1,16.8,Lower,0.013,Similar,0.295,862,807.6,915.5,Higher,3.8,,Lower,1684,249.2,Higher,78.6,78.2,78.9,Lower
205,Bronx,Fordham and University Heights,136151,1,27,2,69,1,28,12,29,23,8,36,34.5,37.3,Higher,42,41,43.8,30,Higher,66,Lower,34,32.6,36,Higher,46,44.3,47.3,Higher,20,18.6,21.2,Lower,34,13,12.3,14.7,Higher,65,62.6,67.5,Higher,Non-gentrifying,40,126,114.8,136.9,Higher,1033,65,57.9,70.8,Lower,0.028,Similar,0.459,18,47,81,8.3,13,Higher,28,22.2,33.1,Similar,20,0,12,Higher,9.3,Higher,35.3,,Higher,24,23.5,25.3,Higher,405,381.1,429.5,Higher,1297,1088.8,1505.3,Higher,67,60.4,72.9,Lower,<0.001,Lower,0.029,67,60.7,73.2,Similar,0.078,Similar,0.44,33,27.2,40.2,Higher,0.002,Similar,0.613,78,71.4,83.4,Lower,0.002,Similar,0.06,16,11.7,21.9,Similar,0.329,Similar,0.474,14,,10.3,19.8,Similar,0.214,Similar,0.276,16,,11.1,21.7,Higher,0.038,Similar,0.147,2573,2457.3,2689.1,Higher,1168,1042.5,1294.2,Lower,83,85,81,46,,39.5,52.2,Similar,0.475,Similar,0.4,34,27.3,40.7,Higher,0.004,Similar,0.665,16,11.7,21.1,Similar,0.069,Similar,0.872,37,31.4,43.4,Higher,0.004,Similar,0.599,49.2,,88.1,14,10,19.7,Similar,0.206,Similar,0.91,961,899.9,1021.4,Higher,5.4,,Higher,1444,241.2,Higher,79.9,79.5,80.4,Lower
206,Bronx,Belmont and East Tremont,87476,6,25,1,67,1,29,14,28,20,9,27,25.4,27.7,Higher,31,30,32.7,35,Higher,61,Lower,36,34.6,37.7,Higher,45,43.3,46.7,Higher,19,17.7,20,Lower,31,16,14.8,17.4,Higher,60,57.9,62.6,Higher,Gentrifying,46,152,137,168,Higher,1015,62,56.4,67.8,Lower,0.001,Similar,0.092,27,42,74,8,14,Higher,34,27.2,43,Higher,37,2,11.2,Higher,11.3,Higher,30.4,,Higher,24,23.1,25.7,Higher,464,432.8,495.7,Higher,1125,895.8,1394.2,Higher,69,63.5,74.2,Lower,0.001,Similar,0.08,68,61.7,73,Similar,0.068,Similar,0.478,34,28.6,40.3,Higher,<0.001,Similar,0.396,81,75.7,85.3,Lower,0.006,Similar,0.265,16,12.6,21,Similar,0.209,Similar,0.331,12,,8.2,16.2,Similar,0.927,Similar,0.888,15,,10.8,19.4,Higher,0.04,Similar,0.208,2855,2709.3,3001.4,Higher,2080,1887.8,2271.7,Higher,76,81,71,53,,47,58.7,Higher,0.002,Similar,0.115,36,29.9,42,Higher,<0.001,Similar,0.239,22,17.8,26.9,Higher,<0.001,Higher,0.009,32,26.7,36.9,Similar,0.219,Similar,0.101,43.4,,140.6,13,9.8,17.7,Lower,0.045,Similar,0.544,1160,1073.9,1245.8,Higher,5.8,,Higher,1060,306.6,Higher,77.7,77.2,78.1,Lower
207,Bronx,Kingsbridge Heights and Bedford,148163,6,18,7,67,1,26,11,31,23,9,36,34.1,38,Higher,44,42.3,45.5,28,Higher,70,Lower,32,30.1,34,Higher,45,43.3,47,Higher,23,21.2,24.4,Lower,26,14,12.5,15.9,Higher,61,58.2,64.3,Higher,Non-gentrifying,39,97,87.8,106.2,Higher,583,63,56.4,69.7,Lower,0.012,Similar,0.271,29,43,83,7.8,12,Higher,26,21.3,31.6,Similar,18,3,10.1,Higher,8.5,Similar,30.3,,Higher,25,23.6,25.7,Higher,451,425.6,477.1,Higher,1353,1143.3,1562.6,Higher,67,60.8,72.9,Lower,<0.001,Lower,0.028,68,62.2,73.8,Similar,0.119,Similar,0.662,29,23,35.1,Similar,0.074,Similar,0.297,84,79.2,88,Similar,0.126,Similar,0.759,12,8.1,16.2,Similar,0.296,Similar,0.149,16,,11,21.6,Similar,0.121,Similar,0.146,11,,7.6,15.7,Similar,0.678,Similar,0.621,2099,2004.7,2193.6,Higher,1802,1665.1,1938.8,Higher,75,77,74,48,,41.7,54.7,Similar,0.158,Similar,0.937,33,27,40.2,Higher,0.004,Similar,0.738,19,14.3,23.7,Higher,0.003,Similar,0.319,35,30.1,41,Higher,0.012,Similar,0.904,32.4,,63.4,12,8.4,16.5,Lower,0.008,Similar,0.19,719,669,769.1,Similar,3.6,,Lower,1394,214.6,Higher,79.4,79.1,79.7,Lower
208,Bronx,Riverdale and Fieldston,102927,34,12,6,47,2,20,9,28,25,18,22,20.5,23.8,Similar,34,32.5,35.5,20,Similar,79,Similar,18,16.5,19.7,Similar,37,35.1,38.9,Similar,45,43.1,46.7,Higher,15,9,8,10.8,Similar,52,48.8,54.8,Similar,n/a,31,40,32.8,47.1,Lower,225,77,69.5,83.1,Similar,0.141,Higher,0.003,39,24,91,7.5,2,Lower,17,12.6,22.3,Lower,10,4,5.8,Lower,8.9,Similar,13.1,,Lower,21,18,23.1,Similar,218,193.3,242.4,Similar,590,421.6,803.7,Similar,83,76.9,87.3,Similar,0.076,Higher,<0.001,72,63.7,79,Similar,0.825,Similar,0.512,20,13.8,27.2,Similar,0.303,Lower,<0.001,86,78,91.4,Similar,0.647,Similar,0.435,10,6.4,16.1,Similar,0.164,Similar,0.086,8,,4.6,14.7,Similar,0.223,Similar,0.149,12,,7.2,18.8,Similar,0.555,Similar,0.953,1250,1178.7,1322.1,Higher,2097,1975.4,2218.7,Higher,50,52,49,46,,38.2,53.9,Similar,0.54,Similar,0.535,24,17.8,31.1,Similar,0.971,Lower,0.011,12,7.3,19.9,Similar,0.792,Similar,0.185,28,22.2,35.7,Similar,0.982,Lower,0.029,18.5,,56.4,21,15.3,28.8,Similar,0.238,Higher,0.036,534,483.6,584.2,Lower,4.4,,Similar,824,170.4,Similar,80.9,80.7,81.2,Similar
209,Bronx,Parkchester and Soundview,184105,2,30,7,59,2,25,10,29,24,12,25,23.8,26.2,Higher,32,30.7,33.3,28,Higher,69,Lower,30,28.2,30.8,Higher,47,45.4,48.7,Higher,23,22.3,24.6,Lower,26,13,12.1,14.4,Higher,55,52.8,57.9,Higher,Non-gentrifying,35,100,91.4,108.2,Higher,603,65,58.8,70.3,Lower,0.016,Similar,0.424,41,38,81,7.6,15,Higher,26,21.4,30,Similar,13,2,9.4,Higher,10.6,Higher,26.4,,Higher,25,23.3,25.9,Higher,349,329,369.7,Higher,1230,1039.2,1421.7,Higher,72,66.2,77.1,Lower,0.028,Similar,0.516,73,66.7,77.9,Similar,0.947,Similar,0.258,39,33,45.3,Higher,<0.001,Higher,0.014,83,78.2,87.4,Similar,0.064,Similar,0.928,18,13.4,23.5,Similar,0.099,Similar,0.136,14,,10.5,18.9,Similar,0.198,Similar,0.256,13,,9.1,18.4,Similar,0.204,Similar,0.608,1631,1561.5,1700.2,Higher,1315,1222.6,1407.7,Lower,64,68,61,47,,40.8,52.8,Similar,0.282,Similar,0.551,32,26.1,37.8,Higher,0.007,Similar,0.851,16,11.8,20.5,Similar,0.057,Similar,0.78,34,29.3,39.1,Higher,0.023,Similar,0.492,33.1,,65.7,16,11.8,21.5,Similar,0.626,Similar,0.463,612,570.2,653.1,Lower,6,,Higher,1804,218.8,Higher,79.7,79.5,80,Lower
210,Bronx,Throgs Neck and Co-op City,121868,30,23,5,40,1,20,9,26,27,18,12,10.7,13.7,Lower,21,18.4,22.8,21,Higher,75,Similar,16,14.4,17.6,Lower,50,47.6,52.9,Higher,34,31.7,35.7,Lower,14,9,7.8,10.4,Similar,45,41,49.1,Lower,n/a,27,53,45.3,60.7,Similar,243,82,75.1,86.6,Higher,0.001,Higher,<0.001,50,13,93,7.5,6,Lower,17,12.7,21.3,Lower,7,1,7.9,Higher,11,Higher,13.3,,Lower,23,21.4,23.8,Higher,240,216.5,262.6,Similar,1023,796.3,1295.2,Higher,77,70.2,81.9,Similar,0.625,Similar,0.289,75,68,80,Similar,0.601,Similar,0.106,35,28,43.8,Higher,0.002,Similar,0.342,87,82.2,91.3,Similar,0.969,Similar,0.084,14,9.7,20.7,Similar,0.809,Similar,0.971,7,*,3.8,12.4,Lower,0.034,Lower,0.016,12,,7.3,19.7,Similar,0.515,Similar,0.964,1185,1121.1,1249.3,Higher,1740,1638.4,1842.3,Higher,45,47,42,48,,39.9,56.3,Similar,0.274,Similar,0.913,24,18.4,30.6,Similar,0.928,Lower,0.006,13,10,17.9,Similar,0.324,Similar,0.154,37,32.6,42,Higher,<0.001,Similar,0.487,15.6,,46.8,14,8.9,20.3,Similar,0.199,Similar,0.746,438,394.3,481.3,Lower,4.3,,Similar,1114,183.3,Higher,81.1,80.8,81.4,Similar
211,Bronx,Morris Park and Bronxdale,116180,24,21,9,45,1,22,9,30,24,14,24,22.5,24.8,Similar,35,33.2,36.2,23,Higher,74,Similar,24,22.2,25,Higher,44,42.9,45.6,Higher,32,30.7,33.6,Lower,21,12,10.9,13.4,Higher,55,51.8,57.4,Higher,n/a,32,64,55.7,72.7,Similar,372,76,69.6,81.3,Similar,0.169,Higher,0.002,47,21,86,7.4,10,Similar,18,14.2,23.4,Similar,17,1,10.4,Higher,9,Similar,19.7,,Similar,23,21.4,25,Higher,325,298.7,350.9,Higher,951,745.3,1195.6,Higher,80,74.5,85.1,Similar,0.392,Higher,0.011,74,66.3,79.7,Similar,0.844,Similar,0.235,29,22.5,36.2,Similar,0.103,Similar,0.399,83,76.8,87.9,Similar,0.112,Similar,0.878,15,10.4,21.2,Similar,0.625,Similar,0.814,12,,7.6,17.8,Similar,0.896,Similar,0.949,12,,7.7,17.5,Similar,0.509,Similar,0.919,1613,1531,1694.5,Higher,1940,1815.8,2065.1,Higher,58,61,55,44,,36.8,51.6,Similar,0.875,Similar,0.23,32,25.6,39.6,Higher,0.017,Similar,0.988,14,9.9,18.2,Similar,0.328,Similar,0.191,31,26.1,37.4,Similar,0.284,Similar,0.137,18.1,,85.2,10,6.4,14.3,Lower,<0.001,Lower,0.016,769,711.4,827.4,Higher,8.1,,Higher,1110,206.9,Higher,79.9,79.6,80.2,Lower
212,Bronx,Williamsbridge and Baychester,156542,6,65,2,25,2,24,10,27,26,13,10,8.7,10.3,Lower,40,38.4,41,29,Higher,70,Lower,20,18.4,21.1,Similar,48,46.8,50.1,Higher,32,30.5,33.2,Lower,23,13,11.9,14,Higher,57,54.2,59.8,Higher,n/a,27,82,73.3,89.9,Higher,577,71,65.1,76.6,Similar,0.814,Similar,0.137,42,35,87,7.5,6,Lower,23,18.8,27.5,Similar,8,2,13.6,Higher,10.2,Higher,24,,Higher,24,22.3,24.8,Higher,369,345.9,391.2,Higher,1142,936.6,1346.9,Higher,78,72.6,82.4,Similar,0.963,Similar,0.074,71,64.8,76.6,Similar,0.537,Similar,0.618,29,23.4,35.3,Similar,0.054,Similar,0.342,88,83.8,91.9,Similar,0.658,Higher,0.013,11,7.7,15.3,Similar,0.149,Similar,0.063,8,,5,12.3,Similar,0.051,Lower,0.024,10,,7.1,13.8,Similar,0.9,Similar,0.217,1891,1812.7,1969.8,Higher,1328,1233,1422.9,Lower,57,60,53,46,,39.7,51.8,Similar,0.474,Similar,0.352,30,24.3,36.2,Higher,0.041,Similar,0.43,14,10.7,18.3,Similar,0.18,Similar,0.253,39,33.3,44,Higher,<0.001,Similar,0.266,34.5,,51.1,15,10.8,20.8,Similar,0.389,Similar,0.784,669,622,715.9,Similar,7.7,,Higher,1476,202.3,Higher,81,80.7,81.4,Similar
301,Brooklyn,Greenpoint and Williamsburg,199190,61,5,6,26,2,23,10,41,17,9,22,21,23.1,Similar,24,22.7,24.5,21,Similar,77,Similar,17,15.6,17.8,Lower,33,31.8,34.8,Lower,50,48.4,51.7,Higher,17,6,5.4,6.9,Lower,48,45.9,50.4,Lower,Gentrifying,23,34,28.8,38.2,Lower,305,77,70.1,82.1,Similar,0.114,Similar,0.163,50,19,86,9.6,17,Higher,17,13.8,21.2,Lower,25,4,2.6,Lower,5.4,Lower,16,,Lower,23,19.9,26.5,Similar,136,123.2,149.5,Lower,172,114.9,246.4,Lower,79,73.8,83.5,Similar,0.661,Similar,0.355,66,59.8,72.6,Lower,0.049,Similar,0.102,18,13.2,23.8,Lower,0.046,Lower,0.038,91,85.7,93.9,Similar,0.14,Higher,0.033,17,12.5,23.6,Similar,0.19,Similar,0.184,7,,4.6,11,Lower,0.008,Lower,0.003,17,,12,23.3,Higher,0.018,Higher,0.016,1131,1067.3,1194.6,Higher,1282,1183.9,1381,Lower,22,23,21,33,,26.9,39,Lower,<0.001,Lower,0.036,23,17.8,30.1,Similar,0.908,Similar,0.336,11,7.8,15.7,Similar,0.861,Similar,0.679,25,20.4,30.1,Similar,0.162,Similar,0.053,12,,45.2,19,14,24.1,Similar,0.614,Similar,0.202,440,403.7,475.5,Lower,2.4,,Lower,1185,166.1,Similar,81.1,80.8,81.4,Similar
302,Brooklyn,Fort Greene and Brooklyn Heights,117046,46,27,9,14,4,15,9,44,20,12,9,8.5,10.2,Lower,20,19.1,21,20,Similar,75,Similar,11,9.9,11.7,Lower,25,24,26.4,Lower,64,62.5,65.5,Higher,12,8,7.2,8.7,Similar,39,37,41.1,Lower,n/a,28,40,33.1,46.2,Lower,401,77,69.4,83.1,Similar,0.145,Similar,0.208,29,18,83,8.8,26,Higher,11,7.6,15,Lower,12,5,2.3,Lower,7.4,Lower,11.6,,Lower,14,9.8,18.3,Lower,249,218.6,280.1,Similar,297,186.2,449.8,Lower,86,80.9,90.3,Higher,<0.001,Higher,<0.001,76,69,82.5,Similar,0.309,Similar,0.17,20,14.3,26.7,Similar,0.281,Similar,0.268,88,81.9,92.4,Similar,0.816,Similar,0.475,11,6.4,16.7,Similar,0.217,Similar,0.201,4,*,1.6,7.8,Lower,<0.001,Lower,<0.001,12,,7.1,18.7,Similar,0.594,Similar,0.61,1338,1258.2,1418.2,Higher,1270,1157.1,1382.5,Lower,52,53,51,37,,30.6,44.6,Similar,0.085,Similar,0.665,24,17.8,30.9,Similar,0.985,Similar,0.459,6,3.6,9.9,Lower,<0.001,Lower,<0.001,25,19.5,31.5,Similar,0.27,Similar,0.132,16.2,,66.6,25,18.5,32.2,Higher,0.033,Higher,0.007,648,594.8,701.2,Similar,2.8,,Lower,821,178.7,Higher,80.6,80.3,81,Lower
303,Brooklyn,Bedford Stuyvesant,152403,11,64,3,20,2,24,10,33,22,11,12,11.2,12.9,Lower,20,18.6,20.7,30,Higher,70,Lower,21,20.2,22.4,Higher,43,42,44.9,Higher,35,33.8,36.7,Lower,23,13,11.6,14,Higher,53,50.6,55.5,Similar,Gentrifying,46,117,107.7,127.1,Higher,1045,66,59.6,71.5,Lower,0.047,Lower,0.021,40,30,77,8.1,11,Higher,25,20.6,30,Similar,57,5,5.9,Lower,9.5,Higher,26.9,,Higher,22,20.9,23.6,Higher,375,351.2,399,Higher,863,701.2,1050.3,Higher,76,70.6,80.6,Similar,0.423,Similar,0.706,70,64.4,75.9,Similar,0.412,Similar,0.68,29,23.7,34.9,Higher,0.044,Higher,0.041,84,78.9,88.3,Similar,0.159,Similar,0.379,19,15,24.4,Higher,0.019,Higher,0.019,11,,7.1,15.9,Similar,0.752,Similar,0.628,14,,9.4,19.3,Similar,0.161,Similar,0.16,2068,1979.8,2155.6,Higher,812,728.4,895.5,Lower,46,46,45,35,,29.3,41.4,Lower,0.007,Similar,0.22,29,23.6,34.6,Similar,0.069,Similar,0.346,13,9.7,17.8,Similar,0.399,Similar,0.518,34,28.7,38.7,Higher,0.042,Similar,0.112,55.1,,82,21,15.6,26.8,Similar,0.228,Similar,0.058,1002,944.5,1059.4,Higher,5.7,,Higher,1906,283.8,Higher,76.8,76.5,77.1,Lower
304,Brooklyn,Bushwick,112388,9,20,5,65,1,24,12,35,20,9,28,26.2,29.1,Higher,35,33.2,35.9,22,Higher,70,Lower,35,33,36.5,Higher,37,35.2,38.2,Similar,29,27.2,29.9,Lower,25,13,11.6,13.8,Higher,55,53.1,57.9,Higher,Gentrifying,33,72,63.1,80.7,Higher,610,67,59.2,73.3,Similar,0.144,Similar,0.088,40,35,79,8.1,14,Higher,22,16.7,27.3,Similar,31,4,9.3,Higher,8.3,Similar,31.7,,Higher,28,25.5,30.2,Higher,290,265.6,314.1,Higher,747,575.5,954.2,Similar,71,64.3,77.5,Lower,0.049,Similar,0.091,75,67.8,80.4,Similar,0.583,Similar,0.351,23,17.5,30.1,Similar,0.993,Similar,0.992,82,75.6,87.6,Similar,0.092,Similar,0.199,17,11.8,24.9,Similar,0.262,Similar,0.259,18,,13.3,24.3,Higher,0.016,Higher,0.02,13,,9,19.5,Similar,0.221,Similar,0.223,1897,1791.1,2003.5,Higher,1261,1128.1,1394.7,Lower,57,60,54,37,,30.6,43.3,Lower,0.037,Similar,0.503,26,20.6,33.3,Similar,0.392,Similar,0.92,13,9.5,17.8,Similar,0.437,Similar,0.572,26,21.5,31.4,Similar,0.378,Similar,0.172,37.4,,57.8,20,14.3,27.1,Similar,0.419,Similar,0.163,574,522.7,624.8,Lower,3.8,,Lower,971,205.7,Higher,80.4,79.9,80.8,Lower
305,Brooklyn,East New York and Starrett City,181300,3,52,7,37,2,27,10,28,24,12,16,15.1,16.9,Lower,36,34.5,37.3,31,Higher,68,Lower,23,21.8,24.2,Higher,56,54.4,57.3,Higher,21,20,22.3,Lower,30,10,8.9,11.3,Higher,52,49.5,54.4,Similar,Non-gentrifying,41,113,103.9,121.7,Higher,1065,72,65,77.6,Similar,0.967,Similar,0.777,38,34,82,7.7,8,Lower,26,21.7,30.3,Similar,13,5,10.7,Higher,11,Higher,29.3,,Higher,25,23.8,25.7,Higher,315,296.2,333.5,Higher,981,817.1,1145.8,Higher,70,63.1,76.4,Lower,0.02,Lower,0.039,70,62.8,75.9,Similar,0.341,Similar,0.541,31,25.1,38.3,Higher,0.015,Higher,0.012,76,69,82.5,Lower,0.001,Lower,0.002,13,8.6,18.7,Similar,0.735,Similar,0.699,7,,4.6,10.3,Lower,0.002,Lower,0.001,14,,9,20.2,Similar,0.201,Similar,0.195,2245,2162.7,2327.5,Higher,1110,1023.5,1195.7,Lower,58,61,55,35,,28.9,41.5,Lower,0.008,Similar,0.21,35,28.2,41.6,Higher,0.001,Higher,0.011,14,10.7,18.7,Similar,0.168,Similar,0.234,34,29,40.4,Higher,0.036,Similar,0.08,38.1,,78.9,14,9.7,19.3,Similar,0.15,Similar,0.476,1113,1056.2,1169.9,Higher,6.2,,Higher,2185,264.8,Higher,78.6,78.3,78.9,Lower
306,Brooklyn,Park Slope and Carroll Gardens,109351,63,10,6,17,4,18,5,46,20,10,7,6.6,8.1,Lower,17,15.8,18.1,11,Lower,77,Similar,9,8,9.6,Lower,17,16.3,18.6,Lower,74,72,75.4,Higher,10,6,5.1,6.7,Lower,37,34.2,39.1,Lower,n/a,25,30,23.6,37.2,Lower,294,82,75.4,86.4,Higher,0.001,Higher,0.001,32,17,91,8.9,29,Higher,18,13.1,23.6,Similar,12,3,1.8,Lower,6,Lower,20.8,,Higher,9,5.9,11.9,Lower,113,93.8,132.4,Lower,220,130.6,348.2,Lower,88,83.8,91.8,Higher,<0.001,Higher,<0.001,86,79.7,90.4,Higher,<0.001,Higher,<0.001,14,9.2,20.2,Lower,0.001,Lower,0.001,94,88.3,97.4,Higher,0.002,Higher,<0.001,15,9.8,23.4,Similar,0.611,Similar,0.632,4,*,1.9,8.9,Lower,<0.001,Lower,<0.001,6,,3.1,9.9,Lower,0.006,Lower,0.005,1407,1316.6,1497,Higher,1830,1677.5,1981.6,Higher,63,67,59,53,,44.9,61.4,Higher,0.02,Higher,<0.001,15,10.6,20.2,Lower,<0.001,Lower,<0.001,6,3.8,10.3,Lower,0.001,Lower,0.001,22,17.5,27.1,Lower,0.008,Lower,0.002,9.1,*,42.1,25,18.5,33.2,Higher,0.035,Higher,0.008,402,353.6,450.7,Lower,1.8,*,Lower,661,144.1,Lower,81.4,81.1,81.8,Similar
307,Brooklyn,Sunset Park,132721,23,3,30,42,2,22,9,39,21,9,49,47.2,50,Higher,48,46.6,49,9,Lower,75,Similar,41,39.4,42.7,Higher,29,27.6,29.9,Lower,30,29,31.4,Lower,29,8,6.9,8.5,Similar,57,54.7,59.6,Higher,Gentrifying,18,37,31.2,43.1,Lower,289,69,62.7,74.8,Similar,0.367,Similar,0.241,49,28,85,8.5,9,Lower,23,18.1,28.5,Similar,45,2,2.7,Lower,7.9,Lower,29.3,,Higher,18,15.4,20.5,Similar,104,89,118.5,Lower,390,281.1,527.2,Lower,74,67.4,79,Similar,0.134,Similar,0.248,68,61.7,73.6,Similar,0.1,Similar,0.201,24,18.5,30.4,Similar,0.806,Similar,0.82,87,82.1,91.4,Similar,0.985,Similar,0.604,12,8.4,17.1,Similar,0.474,Similar,0.449,22,,17.6,28.3,Higher,<0.001,Higher,<0.001,4,,2.6,7.5,Lower,<0.001,Lower,<0.001,1230,1151.7,1309.2,Higher,1748,1605.7,1890.5,Similar,72,76,69,40,,33.8,47.1,Similar,0.35,Similar,0.655,24,18.1,30.2,Similar,0.982,Similar,0.398,11,8.1,15.9,Similar,0.997,Similar,0.818,27,22.5,32.4,Similar,0.636,Similar,0.336,14.3,,48.2,12,7.6,17.1,Lower,0.016,Similar,0.091,401,361.5,440.6,Lower,2,,Lower,752,133.9,Lower,82.6,82.3,83,Higher
308,Brooklyn,Crown Heights and Prospect Heights,97130,18,64,3,12,3,20,9,37,22,12,8,7,8.4,Lower,30,28.2,30.8,28,Higher,71,Lower,16,15.5,17.5,Lower,40,38.2,41.5,Similar,44,41.9,45.4,Similar,21,9,7.7,9.6,Similar,50,47.9,52.7,Similar,Gentrifying,36,85,74.4,95.1,Higher,872,69,61.1,75.6,Similar,0.413,Similar,0.297,23,35,77,8,45,Higher,27,21.4,34,Similar,25,0,7.4,Higher,9.2,Higher,24.6,,Higher,19,17,21.2,Similar,342,310.4,374.1,Higher,856,645.2,1114.8,Higher,84,79,87.2,Higher,0.009,Higher,0.002,74,66.7,80.3,Similar,0.727,Similar,0.484,21,15.2,28.6,Similar,0.549,Similar,0.534,84,77.4,89.5,Similar,0.295,Similar,0.521,18,12.1,25.4,Similar,0.224,Similar,0.224,12,,7.3,19.1,Similar,0.842,Similar,0.945,14,,8.1,22.7,Similar,0.314,Similar,0.314,1786,1686,1885.5,Higher,1112,995.3,1229,Lower,48,51,45,44,,36.5,51.3,Similar,0.943,Similar,0.19,26,19.2,33.5,Similar,0.581,Similar,0.899,13,9.3,17,Similar,0.545,Similar,0.701,33,27.6,38.5,Similar,0.109,Similar,0.235,44.3,,91.6,20,14.8,27.1,Similar,0.334,Similar,0.116,1149,1072.8,1224.7,Higher,5.4,,Higher,1024,234,Higher,79.3,78.9,79.7,Lower
309,Brooklyn,South Crown Heights and Lefferts Gardens,98650,18,69,2,9,2,22,9,30,25,14,11,10,12.4,Lower,41,39.6,42.6,22,Higher,77,Similar,16,14.8,17.5,Lower,48,46.3,50.6,Higher,35,33.7,37.2,Lower,22,11,10.1,12.4,Higher,55,52,57.6,Higher,Gentrifying,25,73,63.1,82.2,Higher,598,75,68.3,80.7,Similar,0.315,Similar,0.447,38,44,82,7.8,26,Higher,30,23.8,36.6,Higher,21,2,7.7,Higher,9.1,Similar,14.8,,Lower,19,17.3,21.4,Similar,260,234.1,286.5,Higher,675,494,900,Similar,78,72.2,82.9,Similar,0.99,Similar,0.691,77,70.4,81.9,Similar,0.199,Similar,0.09,32,24.9,39.6,Higher,0.022,Higher,0.02,81,73.4,86.1,Lower,0.03,Similar,0.071,8,5.5,12.5,Lower,0.003,Lower,0.003,16,,10.6,22.8,Similar,0.16,Similar,0.192,10,,6.5,14.5,Similar,0.851,Similar,0.814,1515,1428.9,1601.3,Higher,1076,972.2,1180.1,Lower,40,43,37,40,,33.2,46.8,Similar,0.286,Similar,0.787,32,25.4,39.7,Higher,0.021,Similar,0.099,15,11.2,19.3,Similar,0.111,Similar,0.162,37,31.1,43.7,Higher,0.006,Higher,0.016,31.4,,58.8,14,9.6,19.3,Similar,0.145,Similar,0.461,1102,1027.4,1177.5,Higher,3.5,,Lower,912,195.5,Higher,81.2,80.8,81.6,Similar
310,Brooklyn,Bay Ridge and Dyker Heights,142075,59,1,23,14,2,20,7,34,25,15,28,26.4,29.1,Higher,39,37.9,40.8,8,Lower,82,Higher,19,17.6,20.1,Similar,35,34.2,36.7,Lower,46,44.5,46.9,Higher,19,8,6.9,8.7,Similar,49,46.2,51.1,Similar,n/a,17,23,18.6,28.2,Lower,168,74,66.6,79.7,Similar,0.594,Similar,0.757,47,19,89,7.4,16,Higher,15,11.4,19,Lower,20,1,4.5,Lower,7.1,Lower,11.4,,Lower,16,14.4,16.9,Lower,52,42.2,62.8,Lower,140,74.8,240.2,Lower,74,67.9,78.9,Similar,0.133,Similar,0.26,70,62.5,76.7,Similar,0.432,Similar,0.646,20,15,26.8,Similar,0.333,Similar,0.321,92,88.6,94.8,Higher,0.003,Higher,<0.001,12,8.7,17.4,Similar,0.578,Similar,0.553,15,,9.8,21.6,Similar,0.267,Similar,0.313,9,,5.3,13.7,Similar,0.455,Similar,0.429,798,747,849.5,Lower,1876,1765.3,1986,Higher,40,45,36,35,,28.6,42.2,Lower,0.016,Similar,0.278,24,17.8,31.1,Similar,0.977,Similar,0.471,11,7.4,15.5,Similar,0.738,Similar,0.573,23,19.1,28.4,Lower,0.035,Lower,0.008,5.6,*,48.6,12,7.7,17.7,Lower,0.03,Similar,0.143,362,325.8,398.6,Lower,0.9,*,Lower,937,139.6,Lower,83.1,82.8,83.4,Higher
311,Brooklyn,Bensonhurst,204829,47,1,39,12,1,20,8,31,26,15,47,46,48.7,Higher,56,54.3,56.8,12,Lower,85,Higher,26,25,27.3,Higher,38,36.5,39,Similar,36,35,37.2,Lower,23,8,7.8,9.1,Similar,52,50.1,54.1,Similar,Non-gentrifying,14,23,19.3,27,Lower,152,67,61,73.3,Similar,0.16,Similar,0.085,62,12,94,7,2,Lower,20,16.8,24,Similar,27,1,5.8,Lower,8.4,Similar,12.5,,Lower,14,13.3,15.6,Lower,32,25.9,39.5,Lower,204,134.2,296.3,Lower,65,59.6,70.7,Lower,<0.001,Lower,<0.001,65,58.8,70.3,Lower,0.006,Lower,0.015,17,12.6,21.3,Lower,0.003,Lower,0.002,90,85.2,94,Similar,0.179,Higher,0.049,16,12.4,21.4,Similar,0.226,Similar,0.221,13,,8.8,18.1,Similar,0.571,Similar,0.669,6,,4.1,10.1,Lower,0.014,Lower,0.012,740,699,780.8,Lower,1579,1495.2,1663.6,Similar,45,50,40,42,,36,48.3,Similar,0.634,Similar,0.297,21,16,26.3,Similar,0.245,Lower,0.029,12,8.7,16.6,Similar,0.733,Similar,0.902,26,21.9,31.5,Similar,0.411,Similar,0.176,5.4,,65.4,9,6.2,14.1,Lower,<0.001,Lower,0.002,366,335.9,395.6,Lower,3.7,,Lower,1307,135.7,Lower,83.8,83.5,84,Higher
312,Brooklyn,Borough Park,201640,63,2,21,13,1,34,9,28,18,10,32,30.7,33.9,Higher,31,29.7,31.5,11,Lower,77,Similar,23,21.7,24.3,Higher,45,43.2,45.9,Higher,32,31.2,33.7,Lower,28,6,5.3,6.7,Lower,64,61.2,66.1,Higher,n/a,14,19,15.1,22.4,Lower,155,77,71.3,82.5,Similar,0.053,Similar,0.088,57,18,89,7.5,8,Lower,25,20.9,29.5,Similar,18,1,2.1,Lower,6,Lower,18.1,,Lower,17,15.7,18.9,Lower,31,25.8,36,Lower,118,79.1,169.7,Lower,78,72.6,82.1,Similar,0.894,Similar,0.734,67,61,72.7,Similar,0.054,Similar,0.119,22,17.2,28.7,Similar,0.793,Similar,0.787,91,86.1,94.3,Similar,0.084,Higher,0.018,10,6.9,14.8,Similar,0.081,Similar,0.072,15,,10.7,21.1,Similar,0.151,Similar,0.183,9,,5.6,13.1,Similar,0.408,Similar,0.381,951,895.2,1006.2,Lower,2014,1898.7,2129.6,Higher,25,27,22,46,,40.1,52.9,Similar,0.364,Higher,0.016,15,11,21.2,Lower,0.001,Lower,<0.001,9,6.5,13.3,Similar,0.215,Similar,0.129,27,21.9,32.3,Similar,0.541,Similar,0.278,6,,30.3,14,9.6,20.3,Similar,0.238,Similar,0.601,375,341.4,408,Lower,2.2,,Lower,959,124.4,Lower,84.2,83.9,84.5,Higher
313,Brooklyn,Coney Island,106459,56,12,14,16,1,19,8,25,27,22,43,41.7,44.9,Higher,53,52,54,26,Higher,71,Lower,18,16.4,19.1,Similar,37,35.2,39.6,Similar,45,43,46.6,Higher,24,11,9.6,12.8,Higher,55,52.3,58.6,Higher,Non-gentrifying,30,51,42.5,59,Similar,434,77,69.4,82.5,Similar,0.155,Similar,0.228,44,26,90,6.7,13,Higher,22,17.5,28.1,Similar,21,1,9.5,Higher,9.5,Higher,20.2,,Similar,18,15.7,20.5,Similar,147,127.2,167.6,Lower,423,273.8,624.6,Similar,70,63.6,75.1,Lower,0.004,Lower,0.011,71,64.4,77,Similar,0.577,Similar,0.839,21,14.7,28,Similar,0.437,Similar,0.42,91,84.1,95.1,Similar,0.199,Similar,0.078,19,13.4,25.9,Similar,0.102,Similar,0.102,14,,8.6,20.6,Similar,0.489,Similar,0.567,11,,6.9,17.7,Similar,0.691,Similar,0.703,1524,1449.1,1598.6,Higher,1800,1698.6,1901.2,Higher,40,45,35,42,,34.6,48.9,Similar,0.598,Similar,0.459,28,21.3,34.8,Similar,0.264,Similar,0.683,15,11.5,19.5,Similar,0.078,Similar,0.111,31,26,37.2,Similar,0.303,Similar,0.537,16.9,,115.5,11,6.9,16.7,Lower,0.009,Similar,0.057,765,703.8,826.6,Higher,5.6,,Higher,1101,215.5,Higher,80.4,80.1,80.7,Lower
314,Brooklyn,Flatbush and Midwood,165543,37,35,11,15,2,25,9,29,24,13,27,26.3,28.6,Higher,43,41.8,43.6,18,Lower,75,Similar,18,16.8,19.1,Similar,39,37.4,40.2,Similar,43,41.9,44.7,Similar,22,9,7.8,9.6,Similar,57,54.2,58.9,Higher,n/a,22,42,36.3,47.7,Lower,372,68,60.1,74.2,Similar,0.226,Similar,0.142,40,39,81,7.5,16,Higher,26,21.3,30.3,Similar,21,2,7.8,Higher,9.9,Higher,17.1,,Lower,21,19.2,22.3,Similar,113,100.2,125.1,Lower,447,338.7,579.4,Lower,77,70.1,82.4,Similar,0.701,Similar,0.98,69,62,75.5,Similar,0.274,Similar,0.444,26,20.3,33.3,Similar,0.345,Similar,0.339,80,72.2,85.6,Lower,0.02,Lower,0.044,10,6.8,14.6,Similar,0.066,Similar,0.057,16,,10.7,22.1,Similar,0.15,Similar,0.176,9,,4.9,15.4,Similar,0.599,Similar,0.567,1307,1242.5,1371.1,Higher,1767,1658.6,1874.8,Higher,41,44,38,38,,31.6,44.3,Similar,0.075,Similar,0.732,28,21.2,35,Similar,0.263,Similar,0.68,13,9.1,17.9,Similar,0.533,Similar,0.659,31,25,38,Similar,0.4,Similar,0.62,23,,81.6,13,8.7,19.4,Similar,0.127,Similar,0.376,600,556.7,643.3,Lower,4.1,,Lower,1300,169.4,Similar,82.4,82.1,82.7,Higher
315,Brooklyn,Sheepshead Bay,173961,70,3,18,8,1,21,8,28,26,17,33,31.9,34.4,Higher,48,46.6,49,16,Lower,82,Higher,15,13.7,15.8,Lower,38,36.6,39.5,Similar,47,45.9,48.6,Higher,19,8,7.4,9.1,Similar,53,50.6,55.8,Similar,n/a,17,22,17.4,25.6,Lower,200,68,61.1,74.5,Similar,0.279,Similar,0.183,50,18,94,6.8,7,Lower,20,15.9,23.3,Similar,25,1,6.4,Lower,6.6,Lower,12.4,,Lower,17,14.5,18.9,Lower,42,34,49.8,Lower,156,92.5,246.5,Lower,70,64.4,74.9,Lower,0.002,Lower,0.006,67,60,73.4,Similar,0.086,Similar,0.162,21,15.6,27,Similar,0.397,Similar,0.366,93,88.5,95.3,Higher,0.003,Higher,<0.001,17,12.8,23.1,Similar,0.16,Similar,0.162,10,,6.3,14.9,Similar,0.446,Similar,0.34,9,,5.8,13.1,Similar,0.444,Similar,0.409,990,940.7,1038.8,Similar,2035,1939,2131.9,Higher,28,32,24,36,,29.7,42.8,Lower,0.025,Similar,0.392,26,20.5,32.4,Similar,0.446,Similar,0.955,9,6.3,12.2,Similar,0.069,Lower,0.032,25,20.5,30.6,Similar,0.216,Similar,0.077,4,*,79.3,12,7.9,18.5,Similar,0.056,Similar,0.207,331,298.9,362.5,Lower,2.9,,Lower,1215,144,Lower,83.7,83.5,84,Higher
316,Brooklyn,Brownsville,84525,1,76,1,20,2,28,11,27,23,12,10,8.6,10.5,Lower,30,28.9,31.5,39,Higher,65,Lower,27,25.6,28.7,Higher,52,50.3,53.5,Higher,21,19.8,22.2,Lower,28,14,12.5,15.2,Higher,57,54.3,60.1,Higher,Gentrifying,54,175,159.1,191.6,Higher,1698,65,56.8,72.2,Similar,0.078,Lower,0.048,29,36,71,8,9,Lower,32,25.8,40,Higher,15,8,13.3,Higher,12.7,Higher,31.2,,Higher,23,21.6,24,Higher,475,442,507.8,Higher,1358,1091.9,1669,Higher,79,73.1,84.4,Similar,0.65,Similar,0.399,74,66.8,80.4,Similar,0.7,Similar,0.463,35,28,43.2,Higher,0.002,Higher,0.002,80,72.6,85.7,Lower,0.023,Similar,0.055,17,12.1,23,Similar,0.256,Similar,0.266,12,,7.8,18.8,Similar,0.762,Similar,0.863,14,,8.9,20.9,Similar,0.219,Similar,0.225,2755,2621.4,2889.2,Higher,948,831.3,1064.5,Lower,57,61,54,41,,32.9,48.7,Similar,0.472,Similar,0.664,41,33.8,49.6,Higher,<0.001,Higher,<0.001,13,9.8,18.3,Similar,0.356,Similar,0.467,33,27,40,Similar,0.149,Similar,0.273,67.4,,92.3,14,9.1,20.8,Similar,0.264,Similar,0.606,1897,1787.5,2006.7,Higher,4.9,,Higher,1336,356.1,Higher,75.1,74.7,75.5,Lower
317,Brooklyn,East Flatbush,154575,1,88,1,7,2,21,9,28,28,15,9,8.2,10,Lower,53,52.3,53.9,23,Higher,78,Similar,15,13.8,15.8,Lower,55,53.3,56.5,Higher,30,28.8,31.7,Lower,19,9,8.3,10,Similar,54,51.2,57.1,Similar,n/a,23,80,72,88.5,Higher,597,74,68.1,79.4,Similar,0.421,Similar,0.583,26,36,84,7.8,10,Similar,26,21.4,30.7,Similar,21,2,15.6,Higher,12.6,Higher,20.6,,Higher,22,20.4,23,Similar,343,319,367.1,Higher,1308,1075.5,1539.5,Higher,83,77.4,87.5,Higher,0.048,Higher,0.013,73,66.8,78,Similar,0.968,Similar,0.709,32,26.2,38.5,Higher,0.005,Higher,0.004,80,73.9,84.2,Lower,0.002,Lower,0.008,8,4.9,11.5,Lower,<0.001,Lower,<0.001,15,,10.7,21,Similar,0.155,Similar,0.189,9,,5.8,13,Similar,0.44,Similar,0.407,1439,1373.3,1504.3,Higher,801,731.6,870.3,Lower,53,57,49,35,,29.3,41.1,Lower,0.004,Similar,0.182,34,27.9,39.9,Higher,0.001,Higher,0.012,15,10.8,19.9,Similar,0.145,Similar,0.193,36,30.8,41.1,Higher,0.004,Higher,0.014,35.6,,66.6,12,8.4,17.2,Lower,0.02,Similar,0.121,800,748.5,852.1,Higher,7.1,,Higher,1575,206.1,Higher,82.6,82.2,82.9,Higher
318,Brooklyn,Flatlands and Canarsie,195264,26,59,5,8,2,23,9,27,28,13,14,12.7,14.5,Lower,41,39.6,41.4,17,Lower,80,Higher,13,11.8,13.3,Lower,48,46.8,48.8,Higher,40,38.6,40.6,Lower,15,9,8,9.4,Similar,50,47.8,53.2,Similar,n/a,24,46,40,51.1,Lower,380,80,74.1,84.9,Higher,0.003,Higher,0.005,31,24,86,7.1,5,Lower,20,16.2,23.4,Similar,9,3,10,Higher,8.9,Similar,11.6,,Lower,21,20.1,22.4,Similar,154,140.1,166.9,Lower,590,462.5,742,Similar,89,85.4,92.3,Higher,<0.001,Higher,<0.001,80,74.3,84.9,Higher,0.007,Higher,0.001,23,18.1,29.2,Similar,0.995,Similar,0.993,85,79,89.1,Similar,0.262,Similar,0.522,10,6.6,16.2,Similar,0.171,Similar,0.148,9,,5.6,14,Similar,0.237,Similar,0.159,8,,5.2,12.5,Similar,0.261,Similar,0.232,1342,1284.3,1400.6,Higher,1470,1382.3,1558.1,Lower,37,39,35,41,,34.5,46.9,Similar,0.36,Similar,0.548,30,24,36.5,Similar,0.051,Similar,0.233,14,10.2,18.8,Similar,0.257,Similar,0.336,37,31.5,42.4,Higher,0.002,Higher,0.006,17.9,,50.2,13,9.2,18.5,Similar,0.077,Similar,0.302,534,496.1,572.1,Lower,4.3,,Similar,1611,164.7,Similar,82,81.7,82.2,Higher
401,Queens,Long Island City and Astoria,199969,43,10,16,29,2,16,10,41,22,12,25,23.4,25.8,Higher,40,39.2,41.6,19,Lower,78,Similar,16,15.5,17.5,Lower,33,32,34.1,Lower,50,49.3,51.7,Higher,18,8,7,8.2,Lower,47,44.9,48.9,Lower,Gentrifying,13,56,49.7,61.3,Similar,277,73,65.5,78.8,Similar,0.804,Similar,0.861,46,23,93,7.8,14,Higher,14,11.2,17.6,Lower,10,2,9.5,Higher,8.4,Similar,15.1,,Lower,22,19.5,23.6,Similar,145,129.2,161.3,Lower,221,138.4,334.2,Lower,79,72.7,84.7,Similar,0.666,Similar,0.422,73,65.9,79.2,Similar,0.942,Similar,0.304,24,18.3,31.5,Similar,0.727,Similar,0.502,89,83.5,93,Similar,0.494,Similar,0.908,19,14.5,25.5,Higher,0.036,Higher,0.024,12,,8.1,17.2,Similar,0.818,Similar,0.298,10,,6.6,15.2,Similar,0.992,Similar,0.864,1180,1123.6,1235.7,Higher,1728,1629.8,1826.9,Higher,53,57,49,44,,36.4,51.4,Similar,0.95,Similar,0.694,19,14,26.5,Similar,0.177,Similar,0.402,11,8,15.4,Similar,0.865,Similar,0.636,23,18.6,27.9,Lower,0.022,Lower,0.037,29,,30,25,19,31.7,Higher,0.018,Higher,0.001,544,508,579.6,Lower,4.3,,Similar,1191,133.4,Lower,83.4,83.1,83.6,Higher
402,Queens,Woodside and Sunnyside,135972,26,2,35,34,2,17,8,39,24,12,40,38.5,41,Higher,55,54.1,56.1,11,Lower,86,Higher,19,18.1,20.7,Similar,35,33.9,36.4,Lower,45,43.8,47.1,Higher,20,5,4.9,6.1,Lower,51,48.5,53.8,Similar,n/a,^,19,14.6,23.3,Lower,163,76,68.7,82.1,Similar,0.216,Similar,0.407,41,26,92,9.3,11,Higher,10,7.5,14.3,Lower,16,1,5.5,Lower,9,Similar,14.9,,Lower,19,16.9,21.5,Similar,102,86,118,Lower,274,171.6,414.5,Lower,79,72.6,84.4,Similar,0.71,Similar,0.466,72,64.4,78.6,Similar,0.821,Similar,0.541,17,11.8,23.5,Lower,0.033,Similar,0.069,92,87,94.7,Higher,0.034,Similar,0.246,14,9.1,19.9,Similar,0.997,Similar,0.959,16,,11.2,21.4,Similar,0.101,Similar,0.578,9,,5.7,14.3,Similar,0.627,Similar,0.766,749,694.1,803.5,Lower,1495,1381.3,1607.8,Similar,64,66,62,43,,35.7,50.7,Similar,0.913,Similar,0.839,20,14,27.2,Similar,0.243,Similar,0.518,9,5.7,15.3,Similar,0.387,Similar,0.276,23,17.7,29.7,Similar,0.086,Similar,0.125,19.1,,27.9,11,7.3,16.2,Lower,0.005,Similar,0.065,223,194.7,251.8,Lower,4,,Lower,631,105.9,Lower,85.4,85,85.8,Higher
403,Queens,Jackson Heights,179844,11,6,18,64,1,22,9,32,24,12,47,45.7,48.1,Higher,60,59.1,60.9,12,Lower,78,Similar,30,28.7,31.9,Higher,43,41.5,44.5,Higher,27,25.4,27.9,Lower,25,7,5.8,7.4,Lower,59,56.7,62.1,Higher,n/a,4,33,28.4,38,Lower,342,68,61.7,74.2,Similar,0.26,Similar,0.108,52,25,91,7.3,11,Similar,20,16.1,23.7,Similar,17,2,9.1,Higher,8.6,Similar,27.9,,Higher,26,23.7,27.8,Higher,162,146.1,177.1,Lower,425,321.8,550.5,Lower,72,65.6,76.7,Lower,0.021,Similar,0.051,72,65.5,77.5,Similar,0.75,Similar,0.497,25,19.7,30.2,Similar,0.589,Similar,0.362,86,80.5,89.6,Similar,0.407,Similar,0.091,13,9.6,18.3,Similar,0.893,Similar,0.951,28,,22.4,34.7,Higher,<0.001,Higher,<0.001,11,,7.9,15.5,Similar,0.611,Similar,0.466,869,817.6,921.3,Lower,1414,1316.7,1511.5,Lower,81,86,77,41,,35.2,47,Similar,0.401,Similar,0.644,20,15.6,24.8,Similar,0.094,Similar,0.369,13,9.2,19.2,Similar,0.445,Similar,0.571,29,23.7,34.4,Similar,0.897,Similar,0.733,32.3,,36.7,15,11.3,20.7,Similar,0.431,Similar,0.902,321,291.1,350.3,Lower,4.2,,Similar,991,120.9,Lower,84.7,84.4,85,Higher
404,Queens,Elmhurst and Corona,188107,6,5,36,51,1,21,9,33,25,11,51,49.5,52.9,Higher,63,61.6,63.8,11,Lower,81,Higher,30,28.4,32,Higher,42,40.4,44,Higher,28,26.1,29.1,Lower,27,6,5.3,7,Lower,62,58,65.3,Higher,n/a,^,34,29.5,39,Lower,227,65,58.4,70.9,Lower,0.03,Lower,0.007,53,33,92,7.7,4,Lower,21,16.8,24.5,Similar,16,1,7.8,Higher,8.3,Similar,25.8,,Higher,24,21.4,25.8,Higher,158,142.8,173.1,Lower,286,203.7,391.6,Lower,68,61.8,73.8,Lower,0.001,Lower,0.003,69,62.1,75.2,Similar,0.24,Similar,0.788,20,14.9,25.4,Similar,0.186,Similar,0.338,88,81.6,92.9,Similar,0.748,Similar,0.734,15,10.9,19.6,Similar,0.642,Similar,0.579,25,,20.2,30.8,Higher,<0.001,Higher,<0.001,9,,6.1,13.4,Similar,0.566,Similar,0.717,892,839.8,943.9,Lower,1381,1284.2,1477.8,Lower,75,77,73,45,,39.1,51.6,Similar,0.573,Similar,0.345,23,17.4,30.6,Similar,0.918,Similar,0.662,14,9.6,20.3,Similar,0.317,Similar,0.407,27,22.5,32,Similar,0.554,Similar,0.708,25,,33.5,14,10.4,19.7,Similar,0.227,Similar,0.766,440,406.1,474.2,Lower,3.7,,Lower,901,105.2,Lower,85.6,85.3,85.9,Higher
405,Queens,Ridgewood and Maspeth,166924,52,1,9,36,1,22,8,31,26,13,23,22,24,Similar,39,37.5,40.3,14,Lower,82,Higher,16,15.5,17.2,Lower,50,49.2,51.6,Higher,33,32.1,34.4,Lower,19,6,5.9,7,Lower,46,44.2,48.2,Lower,n/a,30,19,15.8,23.7,Lower,235,77,70.9,82.9,Similar,0.065,Similar,0.159,62,10,94,8,10,Lower,16,12.9,20.2,Lower,15,1,7.6,Higher,7,Lower,17.6,,Lower,19,17.4,21.5,Similar,115,102.1,128.4,Lower,390,284.2,521.3,Lower,78,71.7,83.9,Similar,0.901,Similar,0.63,68,60.7,74.1,Similar,0.134,Similar,0.534,19,13.9,24.3,Similar,0.076,Similar,0.155,92,88.2,95,Higher,0.005,Similar,0.09,20,14.2,27.8,Similar,0.06,Higher,0.045,13,,9,18.6,Similar,0.493,Similar,0.616,13,,8.6,18.6,Similar,0.286,Similar,0.205,996,941.5,1050.7,Similar,1731,1627.9,1834,Higher,41,45,37,39,,32.7,45.8,Similar,0.187,Similar,0.325,22,16.9,28.7,Similar,0.631,Similar,0.899,8,4.7,11.7,Lower,0.02,Lower,0.009,23,18.2,29,Similar,0.057,Similar,0.084,21,,41.9,17,12.4,23.8,Similar,0.974,Similar,0.419,299,268.9,329.4,Lower,1.8,*,Lower,1242,151.7,Lower,81.4,81.2,81.7,Similar
406,Queens,Rego Park and Forest Hills,115119,51,3,30,14,2,16,5,31,28,19,25,23.8,26.6,Higher,50,48.8,52.2,10,Lower,91,Higher,8,7.3,9,Lower,30,28.5,31.2,Lower,62,60.1,64.1,Higher,16,6,4.9,6.5,Lower,50,46.4,52.7,Similar,n/a,11,14,9.8,18.3,Lower,102,75,67.2,81.6,Similar,0.378,Similar,0.625,50,25,98,7.5,0,Lower,13,9.8,17.1,Lower,5,1,3.6,Lower,6.6,Lower,4.6,,Lower,11,9.1,12.4,Lower,53,40.5,67.8,Lower,351,224.8,522,Lower,82,77.1,86,Similar,0.083,Higher,0.031,68,59.4,75.9,Similar,0.265,Similar,0.694,18,12,27.1,Similar,0.208,Similar,0.307,93,85,97.2,Higher,0.041,Similar,0.148,10,6.2,15.3,Similar,0.093,Similar,0.107,11,*,5,21,Similar,0.832,Similar,0.337,7,*,3.4,12.2,Similar,0.09,Similar,0.131,782,731.3,833.2,Lower,1950,1840.8,2059.4,Higher,44,49,39,38,,30.8,45,Similar,0.11,Similar,0.205,19,14,24.8,Similar,0.078,Similar,0.271,7,4.7,9.8,Lower,<0.001,Lower,<0.001,28,22.4,34,Similar,0.855,Similar,0.984,11.3,,54.7,20,12.7,30.3,Similar,0.53,Similar,0.255,342,301.5,382.1,Lower,3.1,,Lower,592,101.5,Lower,84.4,84.2,84.7,Higher
407,Queens,Flushing and Whitestone,263039,26,2,54,16,2,17,7,28,30,18,51,49.7,52.5,Higher,57,56.1,58.2,9,Lower,86,Higher,23,21.5,23.8,Higher,40,39,41.3,Higher,37,36.1,38.3,Lower,25,6,5.5,6.7,Lower,57,54.1,59.5,Higher,n/a,10,17,14.3,20.2,Lower,145,68,62.1,73.1,Similar,0.144,Lower,0.037,55,24,93,7.3,3,Lower,24,20.5,27.3,Similar,6,2,6.9,Similar,6.3,Lower,8,,Lower,15,13.7,16.5,Lower,77,67,86.8,Lower,356,263,470,Lower,71,65.6,76.1,Lower,0.009,Lower,0.022,69,62.8,74,Similar,0.139,Similar,0.672,16,12.3,21.1,Lower,0.002,Lower,0.005,95,91.3,96.9,Higher,<0.001,Higher,<0.001,13,10.2,17.4,Similar,0.879,Similar,0.939,14,,10.4,17.7,Similar,0.227,Similar,0.753,8,,5.7,12.2,Similar,0.276,Similar,0.387,708,675.3,741.6,Lower,1273,1211.7,1333.9,Lower,54,58,51,47,,41.4,52.2,Similar,0.218,Similar,0.08,13,9.1,17.3,Lower,<0.001,Lower,<0.001,8,5.3,12,Lower,0.036,Lower,0.012,22,17.8,25.8,Lower,0.001,Lower,0.001,8.4,,50.2,12,8.5,16.8,Lower,0.011,Similar,0.125,362,335,388.8,Lower,2.6,,Lower,1539,115,Lower,84.3,84.1,84.5,Higher
408,Queens,Hillcrest and Fresh Meadows,156217,31,13,35,18,3,20,10,28,27,15,27,25.5,28.8,Higher,47,45.7,48.7,15,Lower,86,Higher,14,12.8,15.1,Lower,37,35,38.1,Similar,50,48.1,51,Higher,22,9,8,10.3,Similar,54,50.3,57.6,Similar,n/a,12,22,18,26.5,Lower,191,70,61.3,77.2,Similar,0.625,Similar,0.385,52,19,94,7,8,Lower,23,18.8,27.5,Similar,5,3,6.6,Similar,7.4,Lower,6.7,,Lower,18,16,19.1,Lower,118,103.3,132.4,Lower,403,290.7,545.3,Lower,79,72.7,84.4,Similar,0.711,Similar,0.459,70,62.2,77.2,Similar,0.488,Similar,0.92,18,11.8,25.7,Similar,0.117,Similar,0.187,89,82.9,92.9,Similar,0.6,Similar,0.82,14,8.9,20,Similar,0.95,Similar,0.995,11,,6.4,18.1,Similar,0.867,Similar,0.241,14,,8.2,21.6,Similar,0.302,Similar,0.232,834,785,883.9,Lower,1301,1214.6,1388.1,Lower,43,47,39,44,,35.8,52.4,Similar,0.921,Similar,0.701,20,14.1,26.8,Similar,0.21,Similar,0.48,14,9.8,19.6,Similar,0.311,Similar,0.408,24,19.1,29.6,Similar,0.096,Similar,0.143,11.5,,44.2,10,5.9,16.1,Lower,0.003,Lower,0.036,532,490.3,573.5,Lower,2.8,,Lower,916,121.2,Lower,83.9,83.6,84.1,Higher
409,Queens,Kew Gardens and Woodhaven,148465,18,9,27,41,4,23,9,30,27,11,26,25.3,27.2,Higher,51,49.6,52.2,17,Lower,79,Similar,23,22.3,24.7,Higher,43,41.6,43.9,Higher,34,32.7,34.9,Lower,22,8,7.3,8.6,Similar,55,52.1,57.2,Higher,n/a,20,43,36.5,48.5,Lower,345,70,63.1,75.8,Similar,0.531,Similar,0.28,62,15,90,7.3,0,Lower,25,20.2,29.6,Similar,11,0,7.5,Higher,9.2,Higher,15.7,,Lower,22,20.3,22.9,Similar,133,118.7,147.7,Lower,816,650.2,1012,Higher,78,71.5,83.1,Similar,0.956,Similar,0.75,67,60.2,73.3,Similar,0.082,Similar,0.402,24,18.9,30.6,Similar,0.704,Similar,0.473,86,80.2,90.6,Similar,0.621,Similar,0.215,11,7.1,16.2,Similar,0.212,Similar,0.234,15,,9.9,21.1,Similar,0.249,Similar,0.887,7,,4.6,11.6,Similar,0.112,Similar,0.171,1183,1115.6,1250.5,Higher,1460,1346.6,1572.6,Lower,54,57,52,43,,36.9,49.7,Similar,0.931,Similar,0.782,23,17.9,29.2,Similar,0.823,Similar,0.69,14,10.6,19.5,Similar,0.177,Similar,0.256,22,17.9,26.7,Lower,0.005,Lower,0.01,17.5,,51.9,16,11.1,22,Similar,0.59,Similar,0.799,479,439,519.8,Lower,4.1,,Lower,993,137.9,Lower,82.9,82.6,83.2,Higher
410,Queens,South Ozone Park and Howard Beach,125603,24,20,25,24,6,22,9,28,28,13,14,12.6,14.5,Lower,45,44,46.8,18,Lower,82,Higher,23,21.9,24.3,Higher,49,47.3,50.4,Higher,28,26.5,29.7,Lower,19,10,9,11.2,Higher,56,52.3,59.3,Higher,n/a,26,32,26.4,38.1,Lower,381,77,70.2,82.6,Similar,0.105,Similar,0.236,59,8,92,6.8,4,Lower,21,16.7,26.3,Similar,8,0,9.1,Higher,9.7,Higher,14.2,,Lower,21,19.6,22.7,Similar,111,96.1,125.4,Lower,656,485,866.7,Similar,77,70.7,82.3,Similar,0.742,Similar,0.972,69,61.9,75.5,Similar,0.274,Similar,0.821,30,23.2,36.7,Similar,0.066,Higher,0.031,83,76.9,88.2,Similar,0.139,Lower,0.029,12,8.3,18,Similar,0.578,Similar,0.618,8,,4.4,14.2,Similar,0.158,Lower,0.009,7,,4,11,Lower,0.045,Similar,0.077,1181,1113.5,1249.3,Higher,1380,1274.5,1485.9,Lower,47,49,45,38,,31.1,44.5,Similar,0.086,Similar,0.165,27,20.9,33.4,Similar,0.344,Similar,0.125,19,14.4,25.9,Higher,0.006,Higher,0.008,34,28.1,40.3,Similar,0.075,Higher,0.046,15.1,,44.6,16,11.3,21.9,Similar,0.615,Similar,0.758,488,442.8,532.6,Lower,4.8,,Higher,969,154.6,Lower,81.7,81.4,82,Higher
411,Queens,Bayside and Little Neck,119628,43,2,43,10,1,19,6,26,31,18,30,28.8,32.1,Higher,43,41.1,44,5,Lower,95,Higher,11,9.9,11.8,Lower,37,35.4,38.2,Similar,52,51.1,53.6,Higher,14,6,5,6.6,Lower,46,42.3,50.1,Lower,n/a,10,8,5.6,12.4,Lower,110,86,78.2,91.6,Higher,<0.001,Higher,<0.001,54,5,99,6.9,5,Lower,10,7.1,14.3,Lower,5,0,4,Lower,8.1,Lower,1.9,,Lower,11,10.1,12.6,Lower,38,29.1,48.5,Lower,^,^,^,^,86,81,89.4,Higher,<0.001,Higher,<0.001,71,60.7,79.8,Similar,0.726,Similar,0.775,17,9.4,27.7,Similar,0.15,Similar,0.209,94,88.6,96.8,Higher,0.001,Higher,0.025,10,5.4,17.3,Similar,0.188,Similar,0.201,5,*,2.1,10.4,Lower,0.001,Lower,<0.001,3,*,1.8,6.1,Lower,<0.001,Lower,<0.001,628,582.8,674.2,Lower,835,762.6,907.6,Lower,37,42,32,49,*,38.8,58.8,Similar,0.302,Similar,0.195,20,13,28.6,Similar,0.299,Similar,0.547,7,4.9,10.3,Lower,0.001,Lower,0.001,26,21.1,32.4,Similar,0.479,Similar,0.606,4.2,*,41,14,9.2,19.5,Similar,0.155,Similar,0.555,271,235.7,307,Lower,3.4,*,Lower,544,85.3,Lower,84.7,84.4,84.9,Higher
412,Queens,Jamaica and Hollis,232911,2,66,12,17,3,22,10,27,27,14,14,13.3,15.1,Lower,42,41.2,43.3,22,Higher,74,Similar,19,18.3,20.4,Similar,51,50.1,52.4,Higher,29,28.3,30.5,Lower,20,12,11.3,12.9,Higher,56,53.4,58.8,Higher,n/a,29,68,61.7,74.1,Higher,789,76,70.9,81,Similar,0.082,Similar,0.228,54,20,87,7,0,Lower,26,21.8,29.3,Similar,20,3,10.4,Higher,10,Higher,21.4,,Higher,23,21.4,24,Higher,202,187.3,216.2,Lower,809,662.7,954.5,Higher,82,76.4,86.4,Similar,0.117,Higher,0.04,69,62.7,74.6,Similar,0.194,Similar,0.761,30,24.2,36.1,Higher,0.028,Higher,0.008,86,79.8,90.3,Similar,0.528,Similar,0.15,8,5.6,12.7,Lower,0.003,Lower,0.004,13,,9.1,16.9,Similar,0.57,Similar,0.374,13,,8.9,17.9,Similar,0.254,Similar,0.164,1602,1544.3,1660.4,Higher,885,822.5,947.3,Lower,55,57,52,34,,28.1,40.2,Lower,0.002,Lower,0.004,30,24.3,36.6,Higher,0.039,Higher,0.005,16,12.4,20.9,Higher,0.026,Higher,0.039,37,31.3,43.2,Higher,0.004,Higher,0.001,20.6,,67.8,10,7.4,14.7,Lower,<0.001,Lower,0.012,758,717,798.9,Higher,6.2,,Higher,2126,190.1,Higher,80.5,80.2,80.7,Lower
413,Queens,Queens Village,193787,12,56,18,12,3,20,9,26,29,16,12,11.5,13.3,Lower,42,40.4,43.1,15,Lower,83,Higher,13,11.7,13.3,Lower,49,48.1,50.6,Higher,38,37,39.2,Lower,13,8,7.7,9.1,Similar,50,45.9,53.4,Similar,n/a,17,29,24.8,34,Lower,378,75,67.8,80.9,Similar,0.353,Similar,0.602,61,9,93,6.5,3,Lower,13,9.9,16.1,Lower,14,0,8.7,Higher,11.1,Higher,8.8,,Lower,20,18.2,22,Similar,115,102.1,127.1,Lower,655,509.3,828.3,Similar,74,66.3,81.1,Similar,0.333,Similar,0.476,68,59.5,75.1,Similar,0.2,Similar,0.588,28,20.9,35.4,Similar,0.227,Similar,0.123,86,80.4,90.9,Similar,0.688,Similar,0.248,12,7.5,19.6,Similar,0.657,Similar,0.683,11,,6.3,17.7,Similar,0.804,Similar,0.195,11,,7.2,17.3,Similar,0.663,Similar,0.541,1084,1034.5,1134.4,Similar,667,612.3,721.1,Lower,33,35,31,48,,40.7,55.8,Similar,0.22,Similar,0.113,27,21.1,34.3,Similar,0.299,Similar,0.102,14,10.3,19.9,Similar,0.216,Similar,0.288,37,29.7,45.4,Higher,0.026,Higher,0.013,15,,40.8,16,10.4,23.8,Similar,0.703,Similar,0.772,648,605.2,690.1,Similar,5.7,,Higher,1124,117.3,Lower,82.9,82.6,83.2,Higher
414,Queens,Rockaway and Broad Channel,114390,33,40,3,22,2,26,8,25,26,14,13,11.9,14.2,Lower,26,24.5,27.6,29,Higher,71,Lower,22,20.7,24.2,Higher,43,40.9,44.9,Higher,35,32.6,36.7,Lower,18,9,8.2,10.4,Similar,53,49.4,55.9,Similar,n/a,47,71,61.6,79.7,Higher,824,79,72.1,84.3,Higher,0.024,Similar,0.071,44,20,82,6,13,Higher,17,12.7,21.6,Lower,8,2,10.3,Higher,11.3,Higher,20.9,,Higher,23,20.6,25.7,Similar,168,150.1,185.4,Lower,403,283.6,555.2,Lower,75,69.2,80.8,Similar,0.383,Similar,0.609,72,64.8,77.7,Similar,0.714,Similar,0.582,24,18,30.2,Similar,0.895,Similar,0.655,89,83,93.1,Similar,0.549,Similar,0.894,16,10.9,21.7,Similar,0.482,Similar,0.444,11,,6.6,17.1,Similar,0.794,Similar,0.179,10,,6,15.3,Similar,0.854,Similar,0.988,1345,1269.4,1420.3,Higher,1557,1444.5,1669.2,Similar,38,39,37,38,,31.1,44.8,Similar,0.1,Similar,0.19,32,25.2,38.8,Higher,0.023,Higher,0.005,15,11.3,19.5,Similar,0.093,Similar,0.15,34,28.3,40.8,Similar,0.066,Higher,0.042,14.9,,68.2,14,9.9,19.8,Similar,0.208,Similar,0.691,1158,1086.5,1229.2,Higher,6.3,,Higher,1463,269.3,Higher,76.5,76.2,76.8,Lower
501,Staten Island,St. George and Stapleton,181484,38,22,9,30,2,24,10,27,26,13,13,11.6,13.4,Lower,24,23.1,25.3,25,Higher,73,Similar,15,13.8,15.9,Lower,48,46.5,49.5,Higher,37,35.8,38.5,Lower,21,7,5.9,7.4,Lower,51,47.9,53.7,Similar,n/a,36,94,86.1,102.7,Higher,719,76,69.6,81.8,Similar,0.153,Lower,0.042,59,9,87,7.1,3,Lower,47,40.7,52.4,Higher,28,3,3.6,Lower,9.6,Higher,22.6,,Higher,21,20,22.7,Similar,157,143.1,170.7,Lower,407,300.3,539.9,Lower,77,70.2,82.7,Similar,0.762,Similar,0.184,73,66.1,78.3,Similar,0.938,Similar,0.445,27,21.1,34,Similar,0.235,Similar,0.619,87,81.3,90.7,Similar,0.726,Lower,0.046,16,12.2,21.8,Similar,0.253,Similar,0.826,12,,8.2,18,Similar,0.717,Higher,0.002,10,,6.1,15.1,Similar,0.825,Similar,0.189,1308,1246.6,1368.5,Higher,1859,1752.2,1965.7,Higher,39,43,36,37,,31.7,43.4,Lower,0.04,Similar,0.717,24,18.6,29.6,Similar,0.977,Similar,0.551,9,6.8,12.6,Similar,0.131,Similar,0.263,26,21.1,31.4,Similar,0.354,Similar,0.527,22,,65,14,10.1,19.6,Similar,0.194,Similar,0.128,963,910.2,1014.9,Higher,6.9,,Higher,1971,227.1,Higher,79,78.7,79.3,Lower
502,Staten Island,South Beach and Willowbrook,134657,68,3,13,14,2,20,8,25,29,18,13,12.1,14.3,Lower,27,25.5,28.2,15,Lower,87,Higher,11,9.9,12,Lower,49,47.1,51.1,Higher,40,38.2,41.7,Lower,14,6,5.2,6.6,Lower,52,47.4,55.9,Similar,n/a,27,40,33.9,46.7,Lower,253,82,71.7,88.8,Higher,0.022,Similar,0.923,72,4,96,6.9,6,Lower,32,26.7,37.9,Higher,7,1,1.9,Lower,8,Lower,6.8,,Lower,19,17.3,20.9,Similar,62,51.1,73.1,Lower,200,109.5,335.9,Lower,76,66.3,82.9,Similar,0.561,Similar,0.148,70,61.1,78,Similar,0.546,Similar,0.218,29,20.7,38.1,Similar,0.22,Similar,0.429,88,81.5,93,Similar,0.761,Similar,0.439,14,9.2,21.8,Similar,0.816,Similar,0.552,4,*,1.6,7.9,Lower,<0.001,Lower,0.024,7,,3.8,12.2,Similar,0.118,Similar,0.756,958,903.1,1012.1,Lower,3171,3035.6,3306,Higher,23,26,20,40,,32.5,47.3,Similar,0.314,Similar,0.665,25,19,32.8,Similar,0.653,Similar,0.985,6,3.4,8.9,Lower,<0.001,Similar,0.053,27,21.5,32.3,Similar,0.506,Similar,0.45,11.9,,67.6,14,9.1,21.3,Similar,0.297,Similar,0.225,605,554.8,654.5,Lower,2.9,,Lower,1155,168.3,Similar,81.2,81,81.5,Similar
503,Staten Island,Tottenville and Great Kills,159132,84,1,5,9,1,21,8,26,29,16,7,6,7.4,Lower,15,14.5,16.3,12,Lower,89,Higher,8,6.9,8.3,Lower,51,49.8,53,Higher,41,39.3,42.6,Similar,11,6,5.3,6.6,Lower,42,36.6,46.6,Lower,n/a,27,25,20.3,29.5,Lower,193,86,80.2,91,Higher,<0.001,Higher,0.034,75,0,99,6.6,3,Lower,19,14.9,22.8,Similar,4,0,1.4,Lower,7.7,Lower,3.6,,Lower,17,15.3,18.3,Lower,40,32.4,47.9,Lower,140,72.3,244.5,Lower,88,82.9,91.3,Higher,<0.001,Higher,0.001,80,74.4,84.5,Higher,0.006,Higher,0.023,22,16.5,28.9,Similar,0.731,Similar,0.186,95,92.2,97.2,Higher,<0.001,Higher,<0.001,17,11.9,23.1,Similar,0.272,Similar,0.71,4,*,2.1,8.4,Lower,<0.001,Similar,0.053,6,*,3.1,10.2,Lower,0.01,Similar,0.232,829,781.2,877.3,Lower,1530,1438.8,1621.3,Similar,16,18,14,38,,32.1,44.6,Similar,0.095,Similar,0.909,26,20.9,32.3,Similar,0.38,Similar,0.648,9,6,12,Similar,0.053,Similar,0.551,22,18.2,26.3,Lower,0.002,Similar,0.118,3.1,*,57.8,23,17.3,30,Similar,0.071,Higher,0.018,394,357.4,430.6,Lower,2.4,*,Lower,1264,152.9,Lower,81.3,81.1,81.6,Similar
,,,,,,,,,,,,,,,,,,,,,,,,,,,,,,,,,,,,,,,,,,,,,,,,,,,,,,,,,,,,,,,,,,,,,,,,,,,,,,,,,,,,,,,,,,,,,,,,,,,,,,,,,,,,,,,,,,,,,,,,,,,,,,,,,,,,,,,,,,,,,,,,,,,,,,,,,,,,,,,,,,,,,,,,,,,,,,,,,,,,,,,,,,,,,,,,,,,,,,,,,,,,,
,,,,,,,,,,,,,,,,,,,,,,,,,,,,,,,,,,,,,,,,,,,,,,,,,,,,,,,,,,,,,,,,,,,,,,,,,,,,,,,,,,,,,,,,,,,,,,,,,,,,,,,,,,,,,,,,,,,,,,,,,,,,,,,,,,,,,,,,,,,,,,,,,,,,,,,,,,,,,,,,,,,,,,,,,,,,,,,,,,,,,,,,,,,,,,,,,,,,,,,,,,,,,
^ Data are suppressed due to imprecise and unreliable estimates.,,,,,,,,,,,,,,,,,,,,,,,,,,,,,,,,,,,,,,,,,,,,,,,,,,,,,,,,,,,,,,,,,,,,,,,,,,,,,,,,,,,,,,,,,,,,,,,,,,,,,,,,,,,,,,,,,,,,,,,,,,,,,,,,,,,,,,,,,,,,,,,,,,,,,,,,,,,,,,,,,,,,,,,,,,,,,,,,,,,,,,,,,,,,,,,,,,,,,,,,,,,,,
"*Interpret with caution. Value's Relative Standard Error (a measure of estimate precision) is greater than 30%, or 
the 95% Confidence Interval half-width is greater than 10, or the sample size or number of events is too small, making the value potentially unreliable. ",,,,,,,,,,,,,,,,,,,,,,,,,,,,,,,,,,,,,,,,,,,,,,,,,,,,,,,,,,,,,,,,,,,,,,,,,,,,,,,,,,,,,,,,,,,,,,,,,,,,,,,,,,,,,,,,,,,,,,,,,,,,,,,,,,,,,,,,,,,,,,,,,,,,,,,,,,,,,,,,,,,,,,,,,,,,,,,,,,,,,,,,,,,,,,,,,,,,,,,,,,,,,